title,link,company,published_date,ai_summary,ai_topic,publisher,industry,publisher_topic
On Transactions Under Regulation No 596/2014,https://view.news.eu.nasdaq.com/view?id=b0d14dd0b2170addecf66d727d7b5dada&lang=en&src=listed,MADARA Cosmetics,2024-09-24 17:00:00+03:00,"In a thrilling move, AS MADARA Cosmetics announces a high-stakes notification from Sustainability Manager Anete Vabule! Known for pioneering natural skincare in Latvia, the company is making waves on the Nasdaq Baltic First North Market. Stay tuned as they uphold their leadership in eco-chic beauty!",exchange_announcement,Nasdaq Baltic,,
Dividend payment ex-date of AS DelfinGroup,https://view.news.eu.nasdaq.com/view?id=b874cc20ce7f67c6fa650de64794f245e&lang=en&src=listed,DelfinGroup,2024-09-24 16:42:27+03:00,"In a thrilling financial showdown, AS DelfinGroup declares a dividend of ‚Ç¨0.0202 per share, set to hit accounts on October 1, 2024! Mark your calendars: the ex-date is September 27, 2024! Only shareholders by then will score this sweet payout from Q2 profits! Stay tuned for more action!",ex_dividend_date,Nasdaq Baltic,,
Financial Data for the First Half of 2024 of ‚ÄúCapitalica Z114 Real Estate Fund‚Äù,https://view.news.eu.nasdaq.com/view?id=b054ae24132ec127ce1b824b05925bb01&lang=en&src=listed,CAPITALICA Z114 REAL ESTATE FUND,2024-09-24 16:40:55+03:00,"In the heart of Vilnius, UAB ""Capitalica Z114 Real Estate Fund"" is making waves! They're constructing the sleek ""Sand Offices,"" a seven-story A-class business hub spanning 10,200 square meters. Backed by Capitalica Asset Management, this powerhouse is reshaping the Baltic skyline and pushing commercial real estate to new heights!",capital_investment,Nasdaq Baltic,,
Tallinna Vesi: the electricity price increase changes the price of water services by one cent,https://view.news.eu.nasdaq.com/view?id=b3ac48627c20e61f72257dfa5edd87c08&lang=en&src=listed,Tallinna Vesi,2024-09-24 15:22:10+03:00,"In a bold move, Tallinna Vesi announces a price increase for water services starting November 1st, spiking by a penny per cubic meter! Blame rising electricity costs‚Äîup 19%! CEO Timofejev emphasizes the relentless demand for clean water drives this need for adjustment. Water‚Äôs play just got a bit pricier!",regulatory_filings,Nasdaq Baltic,,
Listing of AS DelfinGroup bonds on Baltic Bond List,https://view.news.eu.nasdaq.com/view?id=bae8d499783bc34945de65180570cb4cb&lang=en&src=notices,Nasdaq Riga,2024-09-24 14:43:08+03:00,"Hold onto your seats, finance fans! Nasdaq Riga makes a thrilling announcement‚ÄîAS DelfinGroup bonds are hitting the Baltic Bond list starting September 25, 2024! Check out the prospectus and get ready for an electrifying addition to the market! It‚Äôs game on for investors!",bond_fixing,Nasdaq Baltic,,
"Data on OMX Baltic Benchmark Fund issued shares as of September 23, 2024",https://view.news.eu.nasdaq.com/view?id=baf58824862a5f881196bab6c6009b0ff&lang=en&src=listed,Nter Asset Management,2024-09-24 09:39:47+03:00,"And we‚Äôre live from Vilnius, where the OMX Baltic Benchmark Fund is holding steady with a share price of 12.5617 EUR! No movement on shares issued or redeemed‚Äîstaying strong with 125,362 units in play. It's a game of patience today for Nter Asset Management!",fund_data_announcement,Nasdaq Baltic,,
EfTEN REAL ESTATE FUND AS NOTICE CALLING THE EXTRAORDINARY GENERAL MEETING OF SHAREHOLDERS,https://view.news.eu.nasdaq.com/view?id=b985c5b1cbfc4b27f0a1490e6bb083658&lang=en&src=listed,EfTEN Real Estate Fund,2024-09-24 08:00:00+03:00,"Ladies and gentlemen, mark your calendars! On October 16, 2024, the EfTEN Real Estate Fund‚Äôs extraordinary general meeting kicks off at the stunning Radisson Collection Hotel! Registration starts at 14:00, and you won‚Äôt want to miss this critical showdown! Be there or be square! ",calendar_of_events,Nasdaq Baltic,,
Eleving Group invites to the Investor calls on September 25 and October 2 regarding the IPO,https://view.news.eu.nasdaq.com/view?id=b6157319e5e2ba73a4b03b9238d9de608&lang=en&src=listed,Eleving Group,2024-09-23 15:07:13+03:00,"Ladies and gentlemen, mark your calendars! Eleving Group is set to host thrilling Investor Calls on September 25 and October 2, 2024. Join CEO Modestas Sudnius and CFO Maris Kreics as they unveil their growth story and IPO excitement! Questions welcomed‚Äîdon‚Äôt miss your chance to engage!",initial_public_offering,Nasdaq Baltic,,
Margo Ojapervs joins CleanR Verso Board,https://view.news.eu.nasdaq.com/view?id=b4b957f7774d7465717b29e9e78113e71&lang=en&src=listed,CleanR Grupa,2024-09-23 14:57:09+03:00,"In a thrilling management shake-up, Margo Ojapervs steps up to the CleanR Verso board, bringing powerhouse production expertise from industry giants! Meanwhile, JƒÅnis Reinfelds keeps the momentum going with over a decade in management. Fresh leadership meets cutting-edge waste sorting tech‚Äîstay tuned for the game-changing moves!",management_change,Nasdaq Baltic,,
UAB Partnerystƒós projektai keturi 2024 first half financial statements,https://view.news.eu.nasdaq.com/view?id=bbc47905db4ad38ec9c5cbad0a0560785&lang=en&src=listed,Partnerystes projektai keturi,2024-09-23 14:33:48+03:00,"In a thrilling six-month showdown, UAB Partnerystƒós projektai triumphs with a successful project hand-over to Lithuania's Ministry of National Defence! Mark your calendars for the October 28th showdown‚Äî50% repayment of Notes plus interest is on the line! Compliance Certificate secured‚Äîthis game is heating up!",financial_results,Nasdaq Baltic,,
23.09.2024 Moody's publishes an updated credit analysis of Latvenergo AS,https://view.news.eu.nasdaq.com/view?id=b3bce1a6785a1fbf775060cc4165a477f&lang=en&src=listed,Latvenergo,2024-09-23 14:10:52+03:00,"In a thrilling update from Riga, Moody's has affirmed Latvenergo AS's credit rating at Baa2, maintaining a stable outlook! This powerhouse energy supplier in the Baltics continues its winning streak, holding the same rating since 2015. Investors are cheering‚ÄîLatvenergo shows resilience in the energy game!",analyst_coverage,Nasdaq Baltic,,
The results of the primary placement auction of Lithuanian Government securities,https://view.news.eu.nasdaq.com/view?id=b4f119d33d5c2178558c5234b114c9d45&lang=en&src=notices,Nasdaq Vilnius,2024-09-23 12:11:00+03:00,"In a thrilling showdown at Nasdaq Vilnius, the Lithuanian Government secured additional contributions in a high-stakes primary placement auction! These hot securities are set to debut on the regulated market, marking a significant play in the Baltic investment arena. Stay tuned for the next big move!",bond_fixing,Nasdaq Baltic,,
Eleving Group - start of the Initial Public Offering (IPO),https://view.news.eu.nasdaq.com/view?id=b1e7a32651dd7ffb052c84dae717d6d6d&lang=en&src=listed,Eleving Group,2024-09-23 10:00:00+03:00,"Get ready for some high-stakes action! Eleving Group kicks off its IPO today, going big with up to 16.9 million new shares and 6 million existing ones! Trading on Nasdaq Riga and Frankfurt starts around October 16. Don't miss out as they aim for EUR 1.60 to 1.85 per share!",initial_public_offering,Nasdaq Baltic,,
"Data on OMX Baltic Benchmark Fund issued shares as of September 20, 2024",https://view.news.eu.nasdaq.com/view?id=bda9ba07ae4656e796d685ef4d86cb6e1&lang=en&src=listed,Nter Asset Management,2024-09-23 09:51:06+03:00,"In a riveting update from Vilnius, the OMX Baltic Benchmark Fund reports its share price at a solid 12.5865 EUR as of September 20, 2024! No shares issued or redeemed, but a strong total of 125,362 units stands ready for action! What a thrilling day in the financial arena!",fund_data_announcement,Nasdaq Baltic,,
Nasdaq Baltic investor calendar - week 39/2024,https://view.news.eu.nasdaq.com/view?id=b17694aaf03a92a5f419c89ebf64b0c19&lang=en&src=notices,Nasdaq Tallinn,2024-09-23 09:00:00+03:00,"Welcome to the thrilling arena of Nasdaq Baltic, where exchanges ignite the financial landscape of Estonia, Latvia, and Lithuania! For the latest game-changing investor updates, check out the full calendar online. Don't miss out‚Äîthis is where market action and opportunity collide! üèÜüìà",financial_calendar,Nasdaq Baltic,,
Nasdaq Baltic investor calendar - week 39/2024,https://view.news.eu.nasdaq.com/view?id=ba4c00a1fa7458bc6bff9a7c9083b7676&lang=en&src=notices,Nasdaq Vilnius,2024-09-23 09:00:00+03:00,"üèÄ Welcome to the Nasdaq Baltic showdown! Investors, mark your calendars for action-packed updates from Lithuania, Latvia, and Estonia! For thrilling insights and stats, visit Nasdaq Baltic's exciting hub. Call in, tune up, and stay connected‚Äîyou won't want to miss the competition unfold! üìàüí•",financial_calendar,Nasdaq Baltic,,
Nasdaq Baltic investor calendar - week 39/2024,https://view.news.eu.nasdaq.com/view?id=b3a4057ce68ebc78285ad2daa302ca538&lang=en&src=notices,Nasdaq Riga,2024-09-23 09:00:00+03:00,"Live from Riga, it's game time for investors! The Nasdaq Baltic league is buzzing with action as exchanges in Latvia, Lithuania, and Estonia gear up for a thrilling season! Don‚Äôt miss the play-by-play on the investor calendar. Get in the game at nasdaqbaltic.com!",financial_calendar,Nasdaq Baltic,,
CORRECTION: Eleving Group shares public offering,https://view.news.eu.nasdaq.com/view?id=b2123837b1d137ffa73127d20cd525bfc&lang=en&src=notices,Nasdaq Riga,2024-09-20 20:30:00+03:00,"Get ready for the showdown! Starting September 23, 2024, Eleving Group launches its public offering, inviting retail investors to grab shares at just EUR 1.85! With up to 24.5 million shares up for grabs, the excitement builds as the subscription window races towards the final whistle on October 8! Don‚Äôt miss out!",initial_public_offering,Nasdaq Baltic,,
CORRECTION: Eleving Group shares public offering,https://view.news.eu.nasdaq.com/view?id=b8c2f934f96632ab1ec60f394c0c1c436&lang=en&src=notices,Nasdaq Tallinn,2024-09-20 20:30:00+03:00,"Ladies and gentlemen, get ready for the Eleving Group IPO showdown! Starting September 23rd, 2024, you can grab shares at just EUR 1.85! With a staggering 24.5 million shares on the line, the action heats up until October 8th. Don‚Äôt miss your chance in this high-stakes market!",initial_public_offering,Nasdaq Baltic,,
CORRECTION: Eleving Group shares public offering,https://view.news.eu.nasdaq.com/view?id=b19f3b27b067730e85e5239e595e5da59&lang=en&src=notices,Nasdaq Vilnius,2024-09-20 20:30:00+03:00,"Get ready for the investment showdown! Starting September 23, 2024, Eleving Group launches its electrifying public offer, aiming to sell 24.5 million shares at just ‚Ç¨1.85 each. Hurry, the clock's ticking‚Äîsubscriptions close October 8! Don‚Äôt miss your chance to join this thrilling market race!",initial_public_offering,Nasdaq Baltic,,
Eleving Group shares public offering,https://view.news.eu.nasdaq.com/view?id=b492425f9d2ddef4a4924a03b1b18cec5&lang=en&src=notices,Nasdaq Riga,2024-09-20 17:10:00+03:00,"Ladies and gentlemen, it's game time! Starting September 23rd, Eleving Group kicks off its thrilling public offer! Investors can snag shares for just ‚Ç¨1.85, with a whopping 24.5 million on the line! Will you take your shot before the deadline on October 8th? Don't miss this chance!",initial_public_offering,Nasdaq Baltic,,
Eleving Group shares public offering,https://view.news.eu.nasdaq.com/view?id=bda7f26e32d2427b7444e2c5f52e2dd89&lang=en&src=notices,Nasdaq Vilnius,2024-09-20 17:10:00+03:00,"Hold onto your seats! Starting September 23rd, 2024, Eleving Group launches a thrilling public offer for up to 24.5 million shares at just EUR 1.85 each! Retail investors, this is your chance to snag a piece of the action‚Äîdon‚Äôt miss the October 8th deadline! Get ready to subscribe!",initial_public_offering,Nasdaq Baltic,,
Eleving Group shares public offering,https://view.news.eu.nasdaq.com/view?id=b950e2130a6b2aae98f5bf73f5915a543&lang=en&src=notices,Nasdaq Tallinn,2024-09-20 17:10:00+03:00,"Ladies and gentlemen, it‚Äôs game time! Eleving Group kicks off its public offer subscription on September 23rd, 2024, at 10:00 EEST! With up to 24.5 million shares at an unbeatable price of EUR 1.85, retail investors can jump in before the closing whistle on October 8th! Don‚Äôt miss out!",initial_public_offering,Nasdaq Baltic,,
DelfinGroup announces fixing of coupon rate for the floating-rate bonds effective from 25 September 2024,https://view.news.eu.nasdaq.com/view?id=b35dd3728ce809c9a301511505cf79c59&lang=en&src=listed,DelfinGroup,2024-09-20 16:41:59+03:00,"In a thrilling update, DelfinGroup announces its new variable bond coupon rate! Kicking off from September 25, 2024, these bonds promise quarterly interest excitement on the Nasdaq Riga Baltic First North market. With a solid track record since 2010, DelfinGroup is a fintech powerhouse redefining the financial game!",bond_fixing,Nasdaq Baltic,,
Information regarding acquisition and disposal of a major holding,https://view.news.eu.nasdaq.com/view?id=bf8ce8b33bed3eaf0a9e09b8c0f61e506&lang=en&src=listed,SAF Tehnika,2024-09-20 16:26:05+03:00,"In a thrilling market shift, SAF Tehnika announces major shareholder action! Koka zirgs Ltd. makes a bold move acquiring shares while Andrejs Gri≈°ƒÅns opts to cash in. This dynamic play is set to shake things up for the Latvian wireless data giant! Stay tuned for more updates!",mergers_acquisitions,Nasdaq Baltic,,
UAB Legal Balance financial information for 2024 H1,https://view.news.eu.nasdaq.com/view?id=b35a58fcca7bea817aa00b4b1a0ae23ad&lang=en&src=listed,Legal Balance,2024-09-20 16:18:36+03:00,"Hear that roar! Revenue soars to ‚Ç¨4.471 million, a thrilling 10% growth! However, profit before taxes takes a hit at ‚Ç¨1.004 million, down 31%. Meanwhile, the eSkolos.lt platform flexes with a ‚Ç¨41 million debt portfolio, up 36%. Investments are in play, making moves worth over ‚Ç¨6.5 million!",financial_results,Nasdaq Baltic,,
Changes in Iute Group's financial calendar for 2024,https://view.news.eu.nasdaq.com/view?id=b0fc1b847b8024811bffb324f6b0b9af1&lang=en&src=listed,IuteCredit Finance S.a r.l,2024-09-20 11:30:00+03:00,"In an exciting twist for 2024, Iute Group reshapes its financial calendar! This dynamic fintech powerhouse, established in Estonia in 2008, is charging through the Balkans with consumer finance and payment solutions. Don‚Äôt miss what‚Äôs next for this market mover‚Äîstay tuned for the action!",financial_calendar,Nasdaq Baltic,,
Prolongation of authorities of members of the Supervisory Board of KIA Auto Aktsiaselts,https://view.news.eu.nasdaq.com/view?id=ba4e3c9ea89f2446dbf568dabbbae376d&lang=en&src=listed,TKM Grupp,2024-09-20 09:45:00+03:00,"In a strategic play, TKM Auto O√ú extends the game for KIA Auto's Supervisory Board until September 21, 2027! Aarne √ïllek leads the pack, joined by J√ºri K√§o, Enn Kunila, Raul Puusepp, and Kristo Anton, ensuring KIA's dominance in the Baltics. Stay tuned for the drive ahead!",management_change,Nasdaq Baltic,,
Notice of address change for IPAS ‚ÄúIndexo‚Äù and INDEXO Bank,https://view.news.eu.nasdaq.com/view?id=b1a4b99f1352cea3bf703e243e9c8b61d&lang=en&src=listed,INDEXO,2024-09-20 09:15:38+03:00,"In a thrilling home turf switch, INDEXO and INDEXO Bank announce their new legal address at Roberta Hir≈°a iela 1, Riga! This financial powerhouse, boasting over 137K clients and ‚Ç¨1.19 billion managed, is set to redefine banking in Latvia with top-notch services for individuals and businesses alike!",regulatory_filings,Nasdaq Baltic,,
On Transactions Under Regulation No 596/2014,https://view.news.eu.nasdaq.com/view?id=b74a8ae6c489a7fa86faf41b6a75435b7&lang=en&src=listed,MADARA Cosmetics,2024-09-20 08:46:15+03:00,"In a thrilling announcement, AS MADARA Cosmetics, a Northern European skincare powerhouse, gains momentum as Sustainability Manager Anete Vabule engages in securities transactions! With shares racing on Nasdaq Baltic First North since 2017, they've solidified their status as Latvia's natural beauty leader. The excitement continues to build!",exchange_announcement,Nasdaq Baltic,,
"Data on OMX Baltic Benchmark Fund issued shares as of September 19, 2024",https://view.news.eu.nasdaq.com/view?id=b3fbd261604176b86787f051dc1858211&lang=en&src=listed,Nter Asset Management,2024-09-20 08:37:31+03:00,"""Exciting updates from Vilnius! The OMX Baltic Benchmark Fund's share price stands strong at ‚Ç¨12.6065, but wait‚Äîno shares issued or redeemed yesterday! A total of 125,362 units are ready for action. Stay tuned for more market thrills from Nter Asset Management!""",fund_data_announcement,Nasdaq Baltic,,
"Establishment of a subsidiary, and conclusion of purchase contract for the properties of the ELP Logistics O√ú logistics center",https://view.news.eu.nasdaq.com/view?id=b1c28f1f51ff52a85630dbaec4a3b5cc3&lang=en&src=listed,EfTEN Real Estate Fund,2024-09-20 08:30:00+03:00,"In a thrilling real estate face-off, EfTEN H√§rgm√§e O√ú has clinched a deal for two prime properties in Tallinn, sealing it for a whopping ‚Ç¨8.8 million! With a solid partnership with Conus Assets O√ú and ELP Logistics set for a long-term lease, this acquisition is a game-changer before the October buzzer!",mergers_acquisitions,Nasdaq Baltic,,
"AB ""Pieno ≈ævaig≈ædƒós"" Unaudited Financial Results for the First Six Months of 2024",https://view.news.eu.nasdaq.com/view?id=b5012d284a5945cbc94f2150e29f8f2b2&lang=en&src=listed,Pieno Zvaigzdes,2024-09-19 19:00:00+03:00,"Ladies and gentlemen, AB ""Pieno ≈ævaig≈ædƒós"" kicks off 2024 with a solid performance, racking up sales of 101.9 million EUR‚Äîa thrilling 3.9% increase! However, EBITDA and net profit see slight dips. It‚Äôs a mixed bag, but stay tuned for the second half of the season!",financial_results,Nasdaq Baltic,,
Draft decisions of the of Shareholders Meeting to be held on 03 October 2024,https://view.news.eu.nasdaq.com/view?id=ba2f55453df9bb9eed698f83f4896885d&lang=en&src=listed,Utenos Trikotazas,2024-09-19 17:00:00+03:00,"In a thrilling boardroom showdown, AB Utenos Trikota≈æas selects Grant Thornton Baltic UAB as their auditor for 2024-2025! With a solid first-year fee of ‚Ç¨32,900 plus VAT, escalating to ‚Ç¨34,300 the next, the financial play is set! Stay tuned for more financial game-changers!",annual_general_meeting,Nasdaq Baltic,,
Deal of Latvian companies to result in state-of-the-art wind power plants,https://view.news.eu.nasdaq.com/view?id=bc7c545030c880b270eaf322976b06bf7&lang=en&src=listed,Latvenergo,2024-09-19 16:14:05+03:00,"üèóÔ∏è‚ö° Big news from Riga! Latvenegro AS scores a massive win, acquiring 100% of Laflora Energy to launch a 108.8 MW wind power plant! With 16 towering Nordex turbines set to rise in 2026 and local manufacturing, this project is set to power over 160,000 homes‚Äîtalk about a game changer! üå¨Ô∏èüåç",capital_investment,Nasdaq Baltic,,
On Transactions under Regulation No 596/2014,https://view.news.eu.nasdaq.com/view?id=b8b643fa38eb086235e794a9114e62cae&lang=en&src=listed,SAF Tehnika,2024-09-19 16:07:05+03:00,"In a thrilling twist in the stock arena, JSC ‚ÄúSAF Tehnika‚Äù announces a strategic share trade involving ‚ÄúKoka zirgs‚Äù Ltd and Andrejs Gri≈°ƒÅns! The ISO-certified wireless titan continues to dominate on Nasdaq Riga, bolstering its global presence. Stay tuned for the next play!",exchange_announcement,Nasdaq Baltic,,
Information on a significant transactions of the subsidiary companies,https://view.news.eu.nasdaq.com/view?id=b64e3bd4dab7cc79a86db925a4fc3cdcc&lang=en&src=listed,Amber Beverage Group Holding S.√† r.l.,2024-09-19 14:18:41+03:00,"In a strategic play, Amber Beverage Group is swapping a ‚Ç¨15 million overdraft for slick new factoring agreements with BluOr Bank! This game-changing move promises better financing conditions, setting the stage for a thrilling boost in commercial activity for ABG and its subsidiaries. Stay tuned for the action!",financing_agreements,Nasdaq Baltic,,
Decisions of the Shareholder's Meeting of Latvenergo AS,https://view.news.eu.nasdaq.com/view?id=b01f48992165056cf63311ca8e6083fdf&lang=en&src=listed,Latvenergo,2024-09-19 11:42:41+03:00,"In a thrilling showdown on September 17, the Latvenergo AS Shareholder‚Äôs Meeting voted unanimously to boost civil liability insurance for board members, greenlight a dynamic donation plan, and champion renewable energy projects! The Ministry of Economics, holding all the cards, played a key role in this electrifying event!",annual_general_meeting,Nasdaq Baltic,,
Purchase of own shares of Rokiskio Suris AB,https://view.news.eu.nasdaq.com/view?id=bdae0c63c60c82c4af6a220520f026ec2&lang=en&src=notices,Nasdaq Vilnius,2024-09-19 10:03:09+03:00,"Get ready for an exciting week in finance! Rokiskio Suris AB launches its share buyback procedure on September 23, with prices at ‚Ç¨2.20 per share. Will they buy up to 3.2 million shares? Tune in for the action until September 27‚Äîdon‚Äôt miss it!",shares_issue,Nasdaq Baltic,,
The new EPSO-G independent board member was elected,https://view.news.eu.nasdaq.com/view?id=b741ff89ab6aa777a8118c585fc717b20&lang=en&src=listed,EPSO-G,2024-09-19 09:45:00+03:00,"In a power move for the energy sector, EPSO-G has appointed Rasa Baleviƒçienƒó as their new board member! This strategic shift comes from Lithuania's Ministry of Energy, ready to energize their six dynamic subsidiaries. Stay tuned as EPSO-G gears up for electrifying innovations ahead! üí°‚ö°",management_change,Nasdaq Baltic,,
Primary placement auction of additional offers of Lithuanian Government Eurobonds,https://view.news.eu.nasdaq.com/view?id=be9334529c1e8b854950289a61a92b2e4&lang=en&src=notices,Nasdaq Vilnius,2024-09-19 09:41:52+03:00,"Get ready, investors! The Lithuanian Government hits the auction block on September 30, 2024, offering Eurobonds galore! Bid competitively or non-competitively for a slice of this exciting opportunity. With a potential boost of up to ‚Ç¨5 million, this is a match you don't want to miss!",bond_fixing,Nasdaq Baltic,,
"Data on OMX Baltic Benchmark Fund issued shares as of September 18, 2024",https://view.news.eu.nasdaq.com/view?id=b04888ecb1d0d87c1b11e71162c89f4dd&lang=en&src=listed,Nter Asset Management,2024-09-19 09:37:56+03:00,"In a thrilling update from Vilnius, the OMX Baltic Benchmark Fund's share price stands at 12.5964 EUR as of September 18, 2024! All units issued and redeemed remain at zero, but the excitement builds with 125,362 units ready for trading. Stay tuned for more market action!",fund_data_announcement,Nasdaq Baltic,,
Enlight Research sketches possible scenarios for sale of INVL Technology,https://view.news.eu.nasdaq.com/view?id=b52ca3b8da8145dbf85f06845b1b62d23&lang=en&src=listed,INVL Technology,2024-09-19 09:14:00+03:00,"In a thrilling update, Enlight Research reports soaring optimism for INVL Technology as its shares rally on anticipated asset sales! Analyst Mattias Wallander predicts a major exit by year-end, promising juicy returns for shareholders! With a solid net asset value and key IT holdings, INVL is set for an electrifying finish!",analyst_coverage,Nasdaq Baltic,,
"AS VIR≈†I-A acquires 20% of the capital shares of the biomethane plant SIA Livland Biomethane""",https://view.news.eu.nasdaq.com/view?id=b2564db5f0c0c843885a87e7f8a5b5553&lang=en&src=listed,VIR≈†I-A,2024-09-18 18:48:06+03:00,"In a game-changing move, Vir≈°i-A has snagged a 20% slice of Livland Biomethane, shaking up the scoreboard as previous owners step back! With JƒÅnis Vƒ´ba eyeing a bigger stake and a new board lead, they‚Äôre ramping up to become champions in biomethane production through cutting-edge tech!",mergers_acquisitions,Nasdaq Baltic,,
JSC Development Finance Institution Altum - Decisions Passed by Extraordinary Shareholders' Meeting,https://view.news.eu.nasdaq.com/view?id=ba84fb9e4b5efb2ebeca5abff94f45ebc&lang=en&src=listed,Attƒ´stƒ´bas finan≈°u instit≈´cija Altum,2024-09-18 17:01:49+03:00,"In a gripping showdown at Dome Square in Riga, ALTUM's extraordinary shareholders' meeting tackled key issues via remote connection! They focused on appointing a new Acting Head of Internal Audit, adjusting budgets, and setting audit fees with PricewaterhouseCoopers. Stay tuned for the financial power plays that will shape Latvia's economy!",management_change,Nasdaq Baltic,,
On the acquisition of own shares of Roki≈°kio s≈´ris AB,https://view.news.eu.nasdaq.com/view?id=b9d5f2cd8935711f050364c3982aa8bdd&lang=en&src=listed,Rokiskio Suris,2024-09-18 16:28:55+03:00,"In a bold move, Roki≈°kio s≈´ris AB is executing a thrilling buyback of 3.2 million shares for ‚Ç¨2.20 each! This comes on the heels of Fonterra's exit from the capital arena, ensuring all shareholders have a fair shot. The game is on‚Äîwill investors seize the chance?",shares_issue,Nasdaq Baltic,,
Information about shares issued by INVL Technology and votes granted,https://view.news.eu.nasdaq.com/view?id=b641b667a9998c53ddfc3f67336370d46&lang=en&src=listed,INVL Technology,2024-09-18 16:02:00+03:00,"In a thrilling move, INVL Technology just passed 206 shares to its subsidiary employees on September 17, 2024! With this strategic play, they‚Äôve empowered their workforce under previously signed option agreements. For more details, the go-to is Kazimieras Tonk≈´nas‚Äîcontact him directly to learn more!",shares_issue,Nasdaq Baltic,,
Procedure for listing of BluOr Bank AS bonds initiated,https://view.news.eu.nasdaq.com/view?id=b41fc1781b096121b65d7246fd261ac64&lang=en&src=notices,Nasdaq Riga,2024-09-18 15:54:55+03:00,"In a thrilling showdown on September 18, 2024, Nasdaq Riga gears up for the potential debut of BluOr Bank AS bonds on the Nasdaq Baltic Bond List! Stay tuned for the board's game-changing resolution. Exciting times ahead in the trading arena! Let's see if it scores big!",initial_public_offering,Nasdaq Baltic,,
Changes in the Supervisory Board of Mainor √úlemiste AS,https://view.news.eu.nasdaq.com/view?id=b7740c94bb33dcc82eeab9a3eb6696804&lang=en&src=listed,Mainor √úlemiste,2024-09-18 15:13:01+03:00,"In a thrilling shake-up, Mainor √úlemiste AS announces a brand-new Supervisory Board lineup! With Guido P√§rnits at the helm, the revamped team is set to supercharge the hottest business hub in the Baltics, √úlemiste City‚Äîa sprawling 30-hectare powerhouse housing 500 companies and 17,000 individuals! Catch the action!",management_change,Nasdaq Baltic,,
"Construction contract (Apartment building in Ovruch, Ukraine)",https://view.news.eu.nasdaq.com/view?id=be25d16c172785252f6271310081ead2f&lang=en&src=listed,Nordecon,2024-09-18 14:00:00+03:00,"In a thrilling move for humanitarian housing, Nordecon AS and Eurocon Ukraine team up with ESTDEV to kick off a 1.8 million euro reconstruction project in Ovruch, Ukraine! This ambitious 275-day transformation will create a new apartment complex for those in need! Let the rebuilding begin!",business_contracts,Nasdaq Baltic,,
Listing of Baltic Horizon Fund additional fund units on Baltic Fund List,https://view.news.eu.nasdaq.com/view?id=be5ea6da7c8628bec5c910b8d4b392172&lang=en&src=notices,Nasdaq Tallinn,2024-09-18 13:12:49+03:00,"In a thrilling move, Nasdaq Tallinn has just approved the additional listing of Baltic Horizon Fund's 23,927,085 units! Get ready as this powerhouse hits the Baltic Fund List on September 20, 2024, boosting total units to a staggering 143,562,514! The excitement is building‚Äîdon‚Äôt miss it!",shares_issue,Nasdaq Baltic,,
‚ÄúSostinƒós bok≈°tai‚Äú announces the signing of the first lease agreements for the Hero business center,https://view.news.eu.nasdaq.com/view?id=b82671d8ceba4259d9a4d9927d771927a&lang=en&src=listed,Sostinƒós bok≈°tai,2024-09-18 11:57:01+03:00,"Ladies and gentlemen, the excitement is building at the Hero Business Center in Vilnius! With the first leases signed, including a trendy lunch spot and a vibrant early education school, this ambitious project is on track to transform the city's skyline by September 2025. Investment is skyrocketing‚Äîwatch out for this game-changer!",capital_investment,Nasdaq Baltic,,
Novaturas presents next summer destinations and the widest range of travels in the region,https://view.news.eu.nasdaq.com/view?id=b8200bee349cfceeee8b503a9416d81f3&lang=en&src=listed,Novaturas,2024-09-18 10:00:00+03:00,"Ladies and gentlemen, get ready for an epic summer showdown! Novaturas Group, the Baltic States' tour giant, kicks off its 2025 holiday program with an unmatched lineup of thrilling trips and exclusive benefits. With 26 seasons under their belt, they‚Äôre redefining travel for Lithuanian adventurers! Grab your bags and let's go!",calendar_of_events,Nasdaq Baltic,,
"DelfinGroup bond issue is 1.5 times oversubscribed, demand reaches 22.3 million euros",https://view.news.eu.nasdaq.com/view?id=b4e5c4392333c63facdae718587a16e28&lang=en&src=listed,DelfinGroup,2024-09-18 09:37:05+03:00,"In a thrilling financial showdown, Latvia's DelfinGroup has secured a stunning ‚Ç¨15 million in a public bond offering! With demand soaring to ‚Ç¨22.3 million from over 2,700 investors, the crowd roars with excitement! Chairman Didzis ƒÄdmƒ´di≈Ü≈° celebrates overwhelming confidence from shareholders and bondholders alike. What a performance!",bond_fixing,Nasdaq Baltic,,
INVL BSGF Co-Invest Fund II established,https://view.news.eu.nasdaq.com/view?id=b03e131c60ca57b2ebd27a1d4c8cb2679&lang=en&src=listed,Invalda INVL,2024-09-18 09:15:00+03:00,"In a thrilling move, INVL Asset Management launches the INVL BSGF Co-Invest Fund II, targeting savvy investors! With the Baltic Sea Growth Fund now hitting its 10th portfolio score, this is a golden co-investment chance‚Äîminimum stake just EUR 125,000. Don't miss your shot at growth!",fund_data_announcement,Nasdaq Baltic,,
KN Energies subsidiary starts operations in Germany,https://view.news.eu.nasdaq.com/view?id=b6db905acfe8f97c623ff04c4873edf80&lang=en&src=listed,KN Energies,2024-09-18 09:00:00+03:00,"In a thrilling move, AB KN Energies launches its German subsidiary, KN Energies Deutschland GmbH, ready to support the second floating LNG terminal in Wilhelmshaven! This powerhouse team, equipped with top specialists, is on the hunt for talent to ensure a seamless energy game in Germany!",geographic_expansion,Nasdaq Baltic,,
"Data on OMX Baltic Benchmark Fund issued shares as of September 17, 2024",https://view.news.eu.nasdaq.com/view?id=b36c27a1f4a9e022f35ef5913729d20ee&lang=en&src=listed,Nter Asset Management,2024-09-18 08:11:34+03:00,"""Get ready for the latest action! The OMX Baltic Benchmark Fund closed at ‚Ç¨12.6048 on September 17, 2024, with no new shares issued or redeemed. A solid lineup of 125,362 units ready to trade! Stay tuned for more thrilling updates from Vilnius!""",fund_data_announcement,Nasdaq Baltic,,
On Transactions under Regulation No 596/2014,https://view.news.eu.nasdaq.com/view?id=b3df985df6e0d4d776eba42e51e8991ff&lang=en&src=listed,SAF Tehnika,2024-09-17 17:14:20+03:00,"In a thrilling move, JSC ‚ÄúSAF Tehnika‚Äù just scored with a share purchase by ‚ÄúKoka zirgs‚Äù Ltd! This ISO-certified wireless powerhouse, proudly made in Latvia, continues its global expansion, serving markets from North America to Asia. Stay tuned as this action unfolds!",mergers_acquisitions,Nasdaq Baltic,,
Decision of the Board of AB East West Agro to repurchase its own shares,https://view.news.eu.nasdaq.com/view?id=b3aaaf07f614806abc0bc45e9ba3f0312&lang=en&src=listed,East West Agro,2024-09-17 10:36:42+03:00,"In a thrilling play, East West Agro AB has announced a stock buyback! From September 23 to 27, they're set to scoop up 2,000 shares at ‚Ç¨16 each, totaling ‚Ç¨32,000. The market is heating up on Nasdaq Vilnius‚Äîdon‚Äôt miss this exciting investment opportunity! üéâüíº",shares_issue,Nasdaq Baltic,,
Estonian Government Bonds Are Now Listed on Nasdaq Baltic Market,https://view.news.eu.nasdaq.com/view?id=b886984856b8a601b49cfc2e9a4b33f1b&lang=en&src=notices,Nasdaq Tallinn,2024-09-17 10:00:00+03:00,"In a thrilling financial showdown, Nasdaq Tallinn announces the launch of Estonia's first public bond offering, scoring big with a staggering EUR 821 million demand‚Äîover four times the target! With 2 million bonds at 3% interest, retail investors are hitting the market hard. What a moment in Baltic finance!",bond_fixing,Nasdaq Baltic,,
Estonian Government Bonds Are Now Listed on Nasdaq Baltic Market,https://view.news.eu.nasdaq.com/view?id=b0bced9151d2a74d842e96c3cac875567&lang=en&src=notices,Nasdaq Riga,2024-09-17 10:00:00+03:00,"In a thrilling debut, the Republic of Estonia has made a monumental move on the Nasdaq Baltic Bond List, launching 2 million bonds worth ‚Ç¨200 million! Oversubscribed by over four times with demand hitting ‚Ç¨821 million, retail investors flocked in, securing a fixed 3% interest rate! What a game changer!",bond_fixing,Nasdaq Baltic,,
Estonian Government Bonds Are Now Listed on Nasdaq Baltic Market,https://view.news.eu.nasdaq.com/view?id=b6ea34c9ac1a17e5d449f38c916f37743&lang=en&src=notices,Nasdaq Vilnius,2024-09-17 10:00:00+03:00,"In a thrilling financial showdown, Estonia makes history by listing its bonds on the Nasdaq Baltic! With a staggering EUR 821 million in demand for EUR 200 million in offerings, retail investors flocked to the action. A stellar start for Estonian bonds, boasting a 3% interest rate! Game on!",bond_fixing,Nasdaq Baltic,,
On Transactions Under Regulation No 596/2014,https://view.news.eu.nasdaq.com/view?id=be7cbbd802ad4f5193b5a90d4f1a88ba7&lang=en&src=listed,MADARA Cosmetics,2024-09-17 09:59:07+03:00,"In a thrilling update, AS MADARA Cosmetics showcases its commitment to sustainability as Manager Anete Vabule shares insider news! This leading Baltic beauty powerhouse, trading on Nasdaq First North since 2017, continues to shine in natural skincare, solidifying its spot as a Northern European champion! Don‚Äôt miss the excitement!",exchange_announcement,Nasdaq Baltic,,
"Data on OMX Baltic Benchmark Fund issued shares as of September 16, 2024",https://view.news.eu.nasdaq.com/view?id=b9757e675c410f1929d14b59f8cd4549d&lang=en&src=listed,Nter Asset Management,2024-09-17 09:25:37+03:00,"Ladies and gentlemen, we've got breaking news from Vilnius! The OMX Baltic Benchmark Fund's share price stood strong at ‚Ç¨12.6154 as of September 16, with a solid 125,362 units adrift in the trading arena. No shares issued or redeemed today‚Äîstaying steady in the game!",fund_data_announcement,Nasdaq Baltic,,
Purchase of own shares of AB ‚ÄùEast West Agro‚Äù,https://view.news.eu.nasdaq.com/view?id=b9063319535f3d6cdbc2b38dd471dda64&lang=en&src=notices,Nasdaq Vilnius,2024-09-17 09:25:35+03:00,"""Get ready for the thrilling share buyback showdown! From September 23 to 27, AB 'East West Agro' is launching a race to secure up to 2,000 shares at ‚Ç¨16 each. Place your orders by 15:30 EEST‚Äîthis is a must-see event on the VSE Tender Offer stage!""",shares_issue,Nasdaq Baltic,,
J. Molner AS Consolidated interim report for the first 6 months of 2024 (unaudited),https://view.news.eu.nasdaq.com/view?id=b44e2e0b7fcdad0977558903f52754559&lang=en&src=listed,J.Molner,2024-09-17 09:00:00+03:00,"In a thrilling first half of 2024, J. Molner Group scores big with a staggering 382% revenue spike, raking in ‚Ç¨1.3 million! The spotlight shines on their hydrocortisone butyrate topical solution and booming services across the U.S., Canada, and Europe. Plus, they clinched the first Estonian ANDA approval! Game on!",financial_results,Nasdaq Baltic,,
AS VIR≈†I-A: A better price - the main criterion for choosing electricity services,https://view.news.eu.nasdaq.com/view?id=bc7d940204f55fb87b51951b4abd97da5&lang=en&src=listed,VIR≈†I-A,2024-09-17 08:54:42+03:00,"In a stunning year of growth, Vir≈°i has surged to become Latvia's fourth-largest electricity supplier! With a winning focus on competitive pricing, they've electrified households despite declining market interest. JƒÅnis Bethers reveals customers are sticking around for more than just savings‚Äîit's a thrilling showdown in the energy arena!",geographic_expansion,Nasdaq Baltic,,
LHV Group results for August 2024,https://view.news.eu.nasdaq.com/view?id=b25edbdb2b70238c9883d9c9f777ee3c0&lang=en&src=listed,LHV Group,2024-09-17 08:00:00+03:00,"In a thrilling August showdown, AS LHV Group blitzed past expectations with a staggering EUR 87 million boost in their loan portfolio and deposits soaring by EUR 254 million! With a net profit of EUR 12.2 million, it‚Äôs clear‚Äîclient activity and strong home loans are fueling this financial powerhouse!",financial_results,Nasdaq Baltic,,
Subsidiary of EfTEN Real Estate Fund AS finalized the sale of a property in the T√§hesaju commercial area,https://view.news.eu.nasdaq.com/view?id=b3ad40e3b4f48cbe1680b5f524bae9a14&lang=en&src=listed,EfTEN Real Estate Fund,2024-09-17 08:00:00+03:00,"In a thrilling real estate showdown, EfTEN T√§hesaju tee O√ú finalized the sale of T√§hesaju 5 in Tallinn to AS Kinnisvara Info for ‚Ç¨4.675 million! Despite a 7% dip from book value, they netted ‚Ç¨2 million for new ventures and scored ‚Ç¨300,000 in cash flow since 2018. Game on!",mergers_acquisitions,Nasdaq Baltic,,
Baltic Horizon Fund publishes its NAV for August 2024,https://view.news.eu.nasdaq.com/view?id=bd65da579bfd1a626d278c322cc0d4821&lang=en&src=listed,Baltic Horizon Fund / Northern Horizon Capital,2024-09-16 19:10:00+03:00,"In a thrilling August showdown, the Baltic Horizon Fund's net asset value slid slightly to EUR 0.8011, totaling EUR 95.8 million! With steady rental income of EUR 1 million and a new lease with EXPO Group for a massive entertainment center, the excitement ramps up! Stay tuned!",fund_data_announcement,Nasdaq Baltic,,
Listing of additional IPAS ‚ÄúINDEXO‚Äù shares on Baltic Main list,https://view.news.eu.nasdaq.com/view?id=b2eacbf5623f7fdf756ac47423626432a&lang=en&src=notices,Nasdaq Riga,2024-09-16 16:35:33+03:00,"In a thrilling move, Nasdaq Riga brings more action to the Baltic Main list! Starting September 17, 2024, additional shares of IPAS ‚ÄúINDEXO‚Äù will join the game alongside the existing roster. Stay tuned for what promises to be an electrifying stock market showdown!",shares_issue,Nasdaq Baltic,,
Estonian Financial Intelligence Unit's fine to LHV Pank cancelled by court order,https://view.news.eu.nasdaq.com/view?id=b09377698d71aa758abf3d271d76d7001&lang=en&src=listed,LHV Group,2024-09-16 16:30:00+03:00,"In a stunning turn of events, the Harju County Court has tossed out a hefty EUR 300,000 fine against AS LHV Pank! They're off the hook after finding no wrongdoing, while the Financial Intelligence Unit now has 15 days to reconsider. LHV Group continues to dominate Estonia's financial arena!",law_legal_issues,Nasdaq Baltic,,
Resolutions of the Extraordinary Meeting of Shareholders of AS DelfinGroup dated 16 September 2024,https://view.news.eu.nasdaq.com/view?id=b3e3a4e37aee86fa2f517b573d12eac37&lang=en&src=listed,DelfinGroup,2024-09-16 16:01:33+03:00,"In a thrilling corporate showdown, AS DelfinGroup clinches the approval of its interim report for Q2 2024! And there's more‚Äîextraordinary dividends of ‚Ç¨916,625.60 are set to be paid out! Mark your calendars: Ex-date on September 27, dividend record date September 30, and payments drop October 1!",ex_dividend_date,Nasdaq Baltic,,
Comments from the management of ELMO Rent AS on the Restructuring Advisor's report,https://view.news.eu.nasdaq.com/view?id=b61350543f9bfa80e4ecb1508e2dc25d3&lang=en&src=listed,Elmo Rent,2024-09-16 13:26:15+03:00,"In a dramatic twist, ELMO Rent AS faces challenges in its restructuring game! The car rental business has hit a bump, with vehicles returning to leasing firms at lower prices than forecasted. Management admits the low season hindered their strategy, but watch out for a rebound as the 2024 rental season approaches!",financial_results,Nasdaq Baltic,,
The results of the primary placement auction of Lithuanian Government Eurobonds,https://view.news.eu.nasdaq.com/view?id=b63ef4eb8f0c9dbb53a12bbc356167bca&lang=en&src=notices,Nasdaq Vilnius,2024-09-16 12:15:25+03:00,"In a thrilling showdown on September 16, 2024, the Nasdaq Vilnius hosted the primary placement auction for Lithuanian Government Eurobonds! Investors tuned in for a high-stakes competition, as Baltic exchanges showcased their prowess. Will these bonds become the big play in the financial game? Stay tuned!",bond_fixing,Nasdaq Baltic,,
Baltic Horizon Fund closes private placement of new units,https://view.news.eu.nasdaq.com/view?id=bfdeca259511c9e45c79ab9c82e8a856b&lang=en&src=listed,Baltic Horizon Fund / Northern Horizon Capital,2024-09-16 10:30:00+03:00,"In a thrilling move, Northern Horizon Capital AS clinched a spectacular EUR 6.29 million in a high-stakes private placement, captivating institutional investors across Europe! With demand soaring beyond maximum supply, 23,927,085 new units will fuel powerhouse investments and boost the Baltic Horizon Fund's real estate portfolio. Game on!",shares_issue,Nasdaq Baltic,,
Nasdaq Welcomes Modera to Baltic First North Bond Market,https://view.news.eu.nasdaq.com/view?id=b1138a581ed7a89086c52c9df21a210ab&lang=en&src=notices,Nasdaq Vilnius,2024-09-16 10:00:00+03:00,"In a thrilling market showdown, Modera's bonds have officially joined the Nasdaq Baltic First North arena! With ‚Ç¨1.5 million at stake and an impressive 11% coupon rate, demand soared‚Äîoversubscribed 1.8 times! This listing underscores Modera's powerful presence since 2021. Watch out, investors‚Äîit's game on!",bond_fixing,Nasdaq Baltic,,
Nasdaq Welcomes Modera to Baltic First North Bond Market,https://view.news.eu.nasdaq.com/view?id=bbe9db8c7632f052fb08b3335e0dd5d8a&lang=en&src=notices,Nasdaq Riga,2024-09-16 10:00:00+03:00,"Ladies and gentlemen, get ready for an exciting financial showdown! Modera's $1.5 million bonds hit the Nasdaq Baltic First North market today! With a sizzling 11% fixed annual coupon and oversubscription proving investor confidence, Modera's victory lap continues on the bond stage! Game on!",bond_fixing,Nasdaq Baltic,,
Nasdaq Welcomes Modera to Baltic First North Bond Market,https://view.news.eu.nasdaq.com/view?id=b2a2aa36dfe18c6687aa3113144f431ec&lang=en&src=notices,Nasdaq Tallinn,2024-09-16 10:00:00+03:00,"In an exciting turn of events at Nasdaq Baltic, Modera's unsecured bonds hit the market today, raising ‚Ç¨1.5 million! With an impressive 11% fixed annual coupon and massive demand, they were 1.8 times oversubscribed! More than 700 investors are on board as Modera strengthens its market presence! ",bond_fixing,Nasdaq Baltic,,
"Data on OMX Baltic Benchmark Fund issued shares as of September 13, 2024",https://view.news.eu.nasdaq.com/view?id=b583b74e0b2de3b150570173f6e9c0350&lang=en&src=listed,Nter Asset Management,2024-09-16 09:52:01+03:00,"And we‚Äôre off! The OMX Baltic Benchmark Fund clocked in at 12.6099 EUR on September 13, with a thrilling lineup of 125,362 shares still in play! No new shares issued or redeemed, but the excitement is palpable! Stay tuned for the next move in this investment arena!",fund_data_announcement,Nasdaq Baltic,,
The Shareholders' Meeting of Latvenergo AS will be held,https://view.news.eu.nasdaq.com/view?id=b67909f2a2a69f0f3825f1bdf07a33bfa&lang=en&src=listed,Latvenergo,2024-09-16 09:51:27+03:00,"In a thrilling twist, Latvenergo AS has postponed its Extraordinary Shareholders' Meeting from September 16 to September 17 at 17:00! The excitement builds as this top energy player in the Baltics gears up for crucial decisions. Stay tuned, folks‚Äîlightning just got a little more suspenseful!",calendar_of_events,Nasdaq Baltic,,
AB East West Agro purchased it's own shares,https://view.news.eu.nasdaq.com/view?id=b977dba1868f80e15c35ba7703a9bb084&lang=en&src=listed,East West Agro,2024-09-16 09:33:23+03:00,"In a thrilling showdown at the Nasdaq Vilnius, AB East West Agro hosted a nail-biting auction from September 9-13, 2024, for its own shares! The excitement peaked as Chairman Danas ≈†idlauskas stepped up to the plate. Stay tuned for the results! ",shares_issue,Nasdaq Baltic,,
Aktsiaselts Infortar signed a share purchase agreement to acquire a 100% shareholding at Tallinna Raamatutr√ºkikoja Osa√ºhing,https://view.news.eu.nasdaq.com/view?id=bcb5b6c48fb84c1fef980100a67f386a9&lang=en&src=listed,Infortar,2024-09-16 09:30:00+03:00,"In a thrilling takeover, Aktsiaselts Infortar and ViroInvestment O√ú ink a deal to grab 100% of Tallinna Raamatutr√ºkikoja! With approvals pending, this strategic move aims to boost efficiency in the printing powerhouse, known for cranking out 5 million books a year. Big plays in the market ahead!",mergers_acquisitions,Nasdaq Baltic,,
REMINDER: AS DelfinGroup bonds public offering,https://view.news.eu.nasdaq.com/view?id=bc7f58366f875ec3efb23e224f8327ada&lang=en&src=notices,Nasdaq Tallinn,2024-09-16 09:15:00+03:00,"Get ready for the excitement! Starting September 2, 2024, AS DelfinGroup launches its public bond offering! With up to 150,000 bonds at ‚Ç¨100 each and a thrilling 10% annual interest, investors in the Baltics won‚Äôt want to miss this opportunity! The action closes September 16‚Äîlet's go!",bond_fixing,Nasdaq Baltic,,
REMINDER: AS DelfinGroup bonds public offering,https://view.news.eu.nasdaq.com/view?id=b446d41b912d3e7e7fa81029668ba7278&lang=en&src=notices,Nasdaq Vilnius,2024-09-16 09:15:00+03:00,"Get ready for a thrilling financial showdown! Starting September 2, 2024, AS DelfinGroup launches its bond subscription, offering up to 150,000 bonds at ‚Ç¨100 each‚Äîfeaturing a sizzling 10% interest! The clock‚Äôs ticking to secure your stake by September 16. Invest smart, folks!",bond_fixing,Nasdaq Baltic,,
REMINDER: AS DelfinGroup bonds public offering,https://view.news.eu.nasdaq.com/view?id=b411ff39e6273a2c15e3205cb548f6f5e&lang=en&src=notices,Nasdaq Riga,2024-09-16 09:15:00+03:00,"Ladies and gentlemen, the countdown is on! Starting September 2, 2024, it‚Äôs game time for AS DelfinGroup's bond frenzy! Secure your seat in the ring with a minimum bid of just EUR 100 for a chance at a 10% interest kick! Don‚Äôt wait‚Äîbonds are flying fast until September 16!",bond_fixing,Nasdaq Baltic,,
Nasdaq Baltic investor calendar - week 38/2024,https://view.news.eu.nasdaq.com/view?id=bf963473d18cc3a655636caadb6014b1b&lang=en&src=notices,Nasdaq Tallinn,2024-09-16 09:00:00+03:00,"Ladies and gentlemen, mark your calendars! The Nasdaq Baltic arena is alive and kicking! Stay on the edge of your seats for all the latest moves and updates from Tallinn, Riga, and Vilnius! Don‚Äôt miss out‚Äîcatch the investor calendar for every thrilling play! üèÖüìà",financial_calendar,Nasdaq Baltic,,
Nasdaq Baltic investor calendar - week 38/2024,https://view.news.eu.nasdaq.com/view?id=bb135cbf5684b34991e7db1890261c689&lang=en&src=notices,Nasdaq Riga,2024-09-16 09:00:00+03:00,"Welcome to Riga, Latvia! The Nasdaq Baltic is in the spotlight, bringing investors the latest updates from its vibrant exchanges. Tune in for exciting market action across Estonia, Latvia, and Lithuania! Don't miss out‚Äîcheck the full calendar and get in the game!",financial_calendar,Nasdaq Baltic,,
Nasdaq Baltic investor calendar - week 38/2024,https://view.news.eu.nasdaq.com/view?id=b4c7b72b1ce8bba836d1836a0c63d5890&lang=en&src=notices,Nasdaq Vilnius,2024-09-16 09:00:00+03:00,"Ladies and gentlemen, mark your calendars! Nasdaq Baltic is heating up! Join the action in Vilnius as they unveil the latest investor calendar on September 16th. Catch the excitement from Estonia to Latvia‚Äîthis is where trading legends are made! Don't miss out!",financial_calendar,Nasdaq Baltic,,
Bigbank AS results for August 2024,https://view.news.eu.nasdaq.com/view?id=b5f3e71dfd488e2757de5faa90c239af6&lang=en&src=listed,Bigbank AS,2024-09-13 23:15:00+03:00,"‚ÄúAugust was a blockbuster month for Bigbank! They shattered records with their loan portfolio soaring past 2 billion euros and home loans topping 500 million! Despite a slight dip in business loans, the falling Euribor brings clients relief and a rush for short-term fixed deposits. Exciting times ahead!‚Äù",financial_results,Nasdaq Baltic,,
PRANE≈†IMAS DƒñL BENDROVƒñS 2024 m. I PUSMEƒåIO TARPINƒñS FINANSINƒñS ATSKAITOMYBƒñS,https://view.news.eu.nasdaq.com/view?id=b9e8bc1d9fd1bd425bdac0340edf520da&lang=lt&src=listed,Integre Trans,2024-09-13 19:14:30+03:00,"In a thrilling turn of events, UAB ‚ÄúIntegre trans‚Äù commits to keep investors in the loop! With the release of their interim financial reports set, fans await the blockbuster consolidated results, pending the completion of last year‚Äôs audit. Stay tuned as the financial drama unfolds!",financial_results,Nasdaq Baltic,,
AB Kauno energija has signed a loan agreement with the European Investment Bank,https://view.news.eu.nasdaq.com/view?id=bed160b94268f03ac470cd5b396384c36&lang=en&src=listed,Kauno Energija,2024-09-13 17:00:00+03:00,"In a game-changing move, AB Kauno energija clinches a ‚Ç¨35 million long-term loan from the European Investment Bank! From 2024-2026, they‚Äôll supercharge energy efficiency, modernize pipelines, and roll out cutting-edge renewable technologies. Buckle up for a greener, sustainable future‚Äîthis match is just heating up!",financing_agreements,Nasdaq Baltic,,
Decisions adopted at the Extraordinary General Meeting of Shareholders of LITGRID AB,https://view.news.eu.nasdaq.com/view?id=b3d3d87d5a7fed44653a68122d9cdd376&lang=en&src=listed,LITGRID,2024-09-13 16:00:00+03:00,"In a thrilling showdown at the Extraordinary General Meeting, LITGRID AB clinched a monumental victory! On September 13, 2024, they approved a critical financial investment for the groundbreaking Harmony Link Interconnector project, teaming up with Poland's PSE S.A. Get ready for a high-voltage future in energy transmission!",capital_investment,Nasdaq Baltic,,
Changes in the debt obligations of AS Tallinna Sadam,https://view.news.eu.nasdaq.com/view?id=b3d014562c9a9b2a4fce2a3d320b4f917&lang=en&src=listed,Tallinna Sadam,2024-09-13 16:00:00+03:00,"In a bold move, AS Tallinna Sadam has signed a ‚Ç¨10 million loan with AS Swedbank! With a flexible draw period until 2024 and a maturity of 2028, this financial play aims to bolster debt refinancing and fuel ambitious investments. The Baltic shipping arena's powerhouse is gearing up for a surge!",financing_agreements,Nasdaq Baltic,,
"Eco Baltia Group's company, Eco Baltia vide, will provide maintenance of transport structures in Riga for five years",https://view.news.eu.nasdaq.com/view?id=bd7543e43b891d60dcc4ed8f77368257b&lang=en&src=listed,Eco Baltia,2024-09-13 15:45:34+03:00,"In a thrilling match-up for urban infrastructure, Eco Baltia vide Ltd has clinched a five-year contract to maintain Riga's vital transport structures! The Riga City Council recognized their decades of excellence, with a yearly deal worth over ‚Ç¨15 million. Eco Baltia is set to play a key role in keeping Riga moving!",business_contracts,Nasdaq Baltic,,
Announcement on changes in management of a subsidiary company,https://view.news.eu.nasdaq.com/view?id=b96f58cc7d7723afc71d276106cc15350&lang=en&src=listed,Amber Beverage Group Holding S.√† r.l.,2024-09-13 15:34:11+03:00,"In a thrilling corporate shakeup, Andrejs Visnausks steps up as Chairman of AS ""Amber Latvijas balzams‚Äù! With Guntars Betlers still in the game as a Board Member, this dynamic duo is set to take the company to new heights! Stay tuned for the exciting plays ahead!",management_change,Nasdaq Baltic,,
Moody's affirms Latvenergo AS rating,https://view.news.eu.nasdaq.com/view?id=b18b7fe811d46a4744fadd581bd92447b&lang=en&src=listed,Latvenergo,2024-09-13 15:10:25+03:00,"In a thrilling energy showdown, Latvenergo AS stands strong with a Baa2 credit rating from Moody‚Äôs! This investment-grade powerhouse, rated since 2004, continues to attract favorable financing, fueling its dominance in the Baltics. Stay tuned for Moody's upcoming insights next week‚Äîcould a ratings boost be in the cards?",analyst_coverage,Nasdaq Baltic,,
Notification of Changes to the Management Board of AS ‚ÄúAmber Latvijas balzams‚Äù,https://view.news.eu.nasdaq.com/view?id=b0efe1e976f40c05ad5f75f9db2e7e4c5&lang=en&src=listed,Amber Latvijas balzams,2024-09-13 14:05:54+03:00,"In an electrifying turn of events, ""Amber Latvijas balzams"" scores big by appointing Andrejs Visnausks as their new Chairman! With a stellar track record of boosting revenues and operational efficiency, he's ready to lead. Former Chairman Guntars Betlers stays in the game, while Valizhan Abidov steps out. Game on!",management_change,Nasdaq Baltic,,
"NOTIFICATION OF NEO FINANCE, AB REGARDING TRANSACTIONS CONDUCTED BY PERSONS CLOSELY ASSOCIATED WITH PERSONS DISCHARGING MANAGERIAL RESPONSIBILITIES WITHIN AN ISSUER",https://view.news.eu.nasdaq.com/view?id=ba54cbd5706cb3c5f92fc525109635579&lang=en&src=listed,NEO Finance,2024-09-13 13:00:00+03:00,"In a gripping turn of events, NEO FINANCE, AB clocked a notification from UAB ‚ÄûERA Capital‚Äú‚Äîlinked to managerial power players Evaldas and Aiva Remeikis! This tactical move shakes up the finance game. Stay tuned for the play-by-play!",regulatory_filings,Nasdaq Baltic,,
"Data on OMX Baltic Benchmark Fund issued shares as of September 12, 2024",https://view.news.eu.nasdaq.com/view?id=be3ef0fc401ea86cd662d7d5993a37a6e&lang=en&src=listed,Nter Asset Management,2024-09-13 11:01:16+03:00,"""Exciting day in Vilnius! The OMX Baltic Benchmark Fund hits a share price of 12.6326 EUR with 125,362 shares ready for action! No shares issued or redeemed, but the crowd is buzzing with anticipation! Stay tuned for more thrilling updates from Nter Asset Management!""",fund_data_announcement,Nasdaq Baltic,,
