ticker,rss_url
TURB,https://www.globenewswire.com/rssfeed/organization/eNPmnXh2hQABygqB2IwtlQ==
HWNI,https://www.globenewswire.com/rssfeed/organization/yRvzhfuDg4RGakV5ujb6UA==
SKYQ,https://www.globenewswire.com/rssfeed/organization/1urH5iomhawdDo9NZP_kjA==
NOA.TO,https://www.globenewswire.com/rssfeed/organization/Kr-pSTGoLEDmmEHfMbcBOw==
BLX.TO,https://www.globenewswire.com/rssfeed/organization/aWrcjA8NU-7uGI_je76Elg==
PEGY,https://www.globenewswire.com/rssfeed/organization/aj291h5KEmtOlQGYSZxIaQ==
SCATC.OL,https://www.globenewswire.com/rssfeed/organization/Fyj0cjL6mn7P9ulM25piQw==
SOLR.V,https://www.globenewswire.com/rssfeed/organization/QFrpuCExd6u-FQI0RqIBYQ==
SLDP,https://www.globenewswire.com/rssfeed/organization/RKmDY_f_JDCG6gchHlvzFQ==
BEEM,https://www.globenewswire.com/rssfeed/organization/uyBnb_0dD5NF3ezHCjQrwQ==
ALGBE.PA,https://www.globenewswire.com/rssfeed/organization/1YKDbYjy-dw19kWCE55_qA==
VICR,https://www.globenewswire.com/rssfeed/organization/VWJleBep5lvwgs92jWAH8g==
CDR.TO,https://www.globenewswire.com/rssfeed/organization/BVWTaVTIxtobeOLXkTCZWw==
GNE,https://www.globenewswire.com/rssfeed/organization/0ojI3d3CEZ-nm7ggJQeMmQ==
MERIH.HE,https://www.globenewswire.com/rssfeed/organization/vddlGsjgLXKSGN8PvwjoOQ==
CECO,https://www.globenewswire.com/rssfeed/organization/ap01xmIdVHfsB-0PUTWU0g==
ENLT,https://www.globenewswire.com/rssfeed/organization/4yKwutAW-b4AX6t1zt7ACQ==
DTE,https://www.globenewswire.com/rssfeed/organization/8bZqnD8BOEX5zEsbyml5tA==
XCH,https://www.globenewswire.com/rssfeed/organization/y3v7mPnkRgA8lF1LHDSKeg==
SDST,https://www.globenewswire.com/rssfeed/organization/btFm_HOoIvlTiz6MW4F_Cg==
VSTE,https://www.globenewswire.com/rssfeed/organization/JYODRA0nsYJPQdst9nXvQw==
CETY,https://www.globenewswire.com/rssfeed/organization/W6helO7og0uIXEuJMFDxDw==
EVREC,https://www.globenewswire.com/rssfeed/organization/pqknK1hWiAiRdFBRA5nFYQ==
VLCN,https://www.globenewswire.com/rssfeed/organization/4TqlSZNpQKFxlBEY9UP7BA==
CNL,https://www.globenewswire.com/rssfeed/organization/YSkb2UgIQDT19wE94fWK_g==
"PEI.V
",https://www.globenewswire.com/rssfeed/organization/mXWpWXfatp0t6ZyedaSBig==
QEC.OL,https://www.globenewswire.com/rssfeed/organization/uc7TuYaiGMlHYefZqLZZFg==
CNTM,https://www.globenewswire.com/rssfeed/organization/THTMasTP5AM5TeUEuHiw3g==
EGR1T,https://www.globenewswire.com/rssfeed/organization/5sr02qkXpBuLti1TVxDOZg==
WRT1V.HE,https://www.globenewswire.com/rssfeed/organization/VVzlrdy09g0PX4V-XugO2w==
CETY,https://www.globenewswire.com/rssfeed/organization/W6helO7og0uIXEuJMFDxDw==
CNTM,https://www.globenewswire.com/rssfeed/organization/THTMasTP5AM5TeUEuHiw3g==
8069.TWO,https://www.globenewswire.com/rssfeed/organization/G2iUzzg7QMSIN_jWGqB9_A==
JBLU,https://www.globenewswire.com/rssfeed/organization/ZEWQ5FvwhCcBkb79coXKkw==
SLDP,https://www.globenewswire.com/rssfeed/organization/RKmDY_f_JDCG6gchHlvzFQ==
ABO.BR,https://www.globenewswire.com/rssfeed/organization/C2M4c47R9l78PUkx7d2DzQ==