title,link,company,published_date,ai_summary,ai_topic,source,industry,publisher_topic
On Transactions Under Regulation No 596/2014,https://view.news.eu.nasdaq.com/view?id=b0d14dd0b2170addecf66d727d7b5dada&lang=en&src=listed,MADARA Cosmetics,2024-09-24 17:00:00+03:00,"Ladies and gentlemen, breaking news! AS MADARA Cosmetics is in the spotlight as Sustainability Manager Anete Vabule makes headlines with security transactions! This powerhouse, founded in 2006, is a leader in natural skincare, now trading on Nasdaq Baltic First North. The excitement is palpable‚Äîstay tuned for more action!",exchange_announcement,Nasdaq Baltic,,
Dividend payment ex-date of AS DelfinGroup,https://view.news.eu.nasdaq.com/view?id=b874cc20ce7f67c6fa650de64794f245e&lang=en&src=listed,DelfinGroup,2024-09-24 16:42:27+03:00,"Ladies and gentlemen, mark your calendars! AS DelfinGroup is setting the stage for a thrilling dividend payout of ‚Ç¨0.0202 per share on October 1, 2024! Get in before the September 27 ex-date cutoff‚Äîonly shareholders on the list will score this sweet profit from Q2 earnings!",ex_dividend_date,Nasdaq Baltic,,
Financial Data for the First Half of 2024 of ‚ÄúCapitalica Z114 Real Estate Fund‚Äù,https://view.news.eu.nasdaq.com/view?id=b054ae24132ec127ce1b824b05925bb01&lang=en&src=listed,CAPITALICA Z114 REAL ESTATE FUND,2024-09-24 16:40:55+03:00,"Ladies and gentlemen, in the heart of Vilnius, the Capitalica Z114 Real Estate Fund is making waves! They're gearing up to launch the ""Sand Offices,"" a stunning 7-story business center set to redefine commercial real estate with 10,200 square meters of prime space. Stay tuned for this exciting development!",capital_investment,Nasdaq Baltic,,
Tallinna Vesi: the electricity price increase changes the price of water services by one cent,https://view.news.eu.nasdaq.com/view?id=b3ac48627c20e61f72257dfa5edd87c08&lang=en&src=listed,Tallinna Vesi,2024-09-24 15:22:10+03:00,"In a shocking turn of events, Tallinna Vesi is stepping up to the challenge as rising electricity costs push them to revise water service prices! Starting November 1, expect an increase of just one cent per cubic meter‚Äîmaking waves in the water sector as they navigate this shocking surge!",regulatory_filings,Nasdaq Baltic,,
Listing of AS DelfinGroup bonds on Baltic Bond List,https://view.news.eu.nasdaq.com/view?id=bae8d499783bc34945de65180570cb4cb&lang=en&src=notices,Nasdaq Riga,2024-09-24 14:43:08+03:00,"In a thrilling move, Nasdaq Riga just announced that AS DelfinGroup bonds will hit the Baltic Bond list starting September 25, 2024! Get ready for an exciting investment opportunity‚Äîcheck out the prospectus for all the game-changing details! Stay tuned for more action from Nasdaq Baltic!",bond_fixing,Nasdaq Baltic,,
"Data on OMX Baltic Benchmark Fund issued shares as of September 23, 2024",https://view.news.eu.nasdaq.com/view?id=baf58824862a5f881196bab6c6009b0ff&lang=en&src=listed,Nter Asset Management,2024-09-24 09:39:47+03:00,"Live from Vilnius! The OMX Baltic Benchmark Fund closes at an exciting 12.5617 EUR, but with no shares issued or redeemed on the board! A total of 125,362 units ready for the market. What a thrilling day in the world of investment! Stay tuned!",fund_data_announcement,Nasdaq Baltic,,
EfTEN REAL ESTATE FUND AS NOTICE CALLING THE EXTRAORDINARY GENERAL MEETING OF SHAREHOLDERS,https://view.news.eu.nasdaq.com/view?id=b985c5b1cbfc4b27f0a1490e6bb083658&lang=en&src=listed,EfTEN Real Estate Fund,2024-09-24 08:00:00+03:00,"Ladies and gentlemen, mark your calendars! On October 16, 2024, the EfTEN Real Estate Fund is hosting an extraordinary general meeting at the Radisson Collection Hotel in Tallinn! Get ready to register starting at 14:00 as we dive into key decisions! Don‚Äôt miss out‚Äîarrive on time and be part of the action!",calendar_of_events,Nasdaq Baltic,,
Eleving Group invites to the Investor calls on September 25 and October 2 regarding the IPO,https://view.news.eu.nasdaq.com/view?id=b6157319e5e2ba73a4b03b9238d9de608&lang=en&src=listed,Eleving Group,2024-09-23 15:07:13+03:00,"Ladies and gentlemen, mark your calendars! Eleving Group is gearing up for a thrilling Investor Call on September 25 and October 2! Join CEO Modestas Sudnius and CFO Maris Kreics as they unveil the company‚Äôs growth and IPO plans. Don‚Äôt miss the live Q&A‚Äîregister now! ",initial_public_offering,Nasdaq Baltic,,
Margo Ojapervs joins CleanR Verso Board,https://view.news.eu.nasdaq.com/view?id=b4b957f7774d7465717b29e9e78113e71&lang=en&src=listed,CleanR Grupa,2024-09-23 14:57:09+03:00,"In a thrilling boardroom play, CleanR Verso announces a major shake-up! Aleksandrs Ugorenko steps down as chairman, making way for Margo Ojapervs, a production powerhouse, to join the management team. With JƒÅnis Reinfelds‚Äô strategic oversight, the company gears up to tackle the waste management game in the Baltics!",management_change,Nasdaq Baltic,,
UAB Partnerystƒós projektai keturi 2024 first half financial statements,https://view.news.eu.nasdaq.com/view?id=bbc47905db4ad38ec9c5cbad0a0560785&lang=en&src=listed,Partnerystes projektai keturi,2024-09-23 14:33:48+03:00,"In an electrifying first half of 2024, UAB Partnerystƒós projektai triumphantly hands over a major project to Lithuania's Ministry of National Defence! Mark your calendars for October 28's game-changing 50% repayment of Notes‚Äîinvestors, excitement is in the air! Compliance confirmed! What a season it‚Äôs shaping up to be!",financial_results,Nasdaq Baltic,,
23.09.2024 Moody's publishes an updated credit analysis of Latvenergo AS,https://view.news.eu.nasdaq.com/view?id=b3bce1a6785a1fbf775060cc4165a477f&lang=en&src=listed,Latvenergo,2024-09-23 14:10:52+03:00,"Ladies and gentlemen, hold onto your seats! Moody's just reaffirmed Latvenergo's solid Baa2 credit rating with a stable outlook, keeping the momentum strong since 2015! This powerhouse in the Baltics continues to shine bright in energy markets. For all the details, dive into their investor section now!",analyst_coverage,Nasdaq Baltic,,
The results of the primary placement auction of Lithuanian Government securities,https://view.news.eu.nasdaq.com/view?id=b4f119d33d5c2178558c5234b114c9d45&lang=en&src=notices,Nasdaq Vilnius,2024-09-23 12:11:00+03:00,"In a thrilling showdown on Nasdaq Vilnius, the Lithuanian Government secured prime placement in the securities auction on September 23, 2024! Investors eagerly anticipate the admission of these hot commodities to the regulated market, igniting excitement in Baltic finance. Stay tuned for the action!",bond_fixing,Nasdaq Baltic,,
Eleving Group - start of the Initial Public Offering (IPO),https://view.news.eu.nasdaq.com/view?id=b1e7a32651dd7ffb052c84dae717d6d6d&lang=en&src=listed,Eleving Group,2024-09-23 10:00:00+03:00,"Ladies and gentlemen, Eleving Group is on the launchpad with their IPO, running until October 8! With up to 16.9 million new shares and a retail price range of ‚Ç¨1.60 to ‚Ç¨1.85, excitement is building for the Nasdaq Riga debut around October 16. Don‚Äôt miss out on this fintech showdown!",initial_public_offering,Nasdaq Baltic,,
"Data on OMX Baltic Benchmark Fund issued shares as of September 20, 2024",https://view.news.eu.nasdaq.com/view?id=bda9ba07ae4656e796d685ef4d86cb6e1&lang=en&src=listed,Nter Asset Management,2024-09-23 09:51:06+03:00,"In a thrilling update from Vilnius, the OMX Baltic Benchmark Fund has made its move! As of September 20, 2024, the share price stands strong at 12.5865 EUR. With zero units issued or redeemed, the total shares in play hit 125,362! A game of strategy unfolds!",fund_data_announcement,Nasdaq Baltic,,
Nasdaq Baltic investor calendar - week 39/2024,https://view.news.eu.nasdaq.com/view?id=b17694aaf03a92a5f419c89ebf64b0c19&lang=en&src=notices,Nasdaq Tallinn,2024-09-23 09:00:00+03:00,"Ladies and gentlemen, get ready for action in Tallinn, Estonia! Nasdaq Baltic is the arena where exchanges meet innovation. Catch all the thrilling updates and investor insights at their official calendar‚Äîyour front-row seat to the financial showdown of the Baltic states! Don't miss out!",financial_calendar,Nasdaq Baltic,,
Nasdaq Baltic investor calendar - week 39/2024,https://view.news.eu.nasdaq.com/view?id=ba4c00a1fa7458bc6bff9a7c9083b7676&lang=en&src=notices,Nasdaq Vilnius,2024-09-23 09:00:00+03:00,"üéâ Ladies and gentlemen, welcome to the Nasdaq Baltic showdown! The excitement is heating up as exchanges across Vilnius, Riga, and Tallinn gear up for an electrifying 2024. Don‚Äôt miss the action‚Äîcheck out the investor calendar now for insider info and updates! üåüüìà #NasdaqBaltic #FinanceFrenzy",financial_calendar,Nasdaq Baltic,,
Nasdaq Baltic investor calendar - week 39/2024,https://view.news.eu.nasdaq.com/view?id=b3a4057ce68ebc78285ad2daa302ca538&lang=en&src=notices,Nasdaq Riga,2024-09-23 09:00:00+03:00,"Live from Latvia! The Nasdaq Baltic investor calendar is heating up! Keep your eyes on the prize as Tallinn, Riga, and Vilnius showcase their dynamic markets. Don‚Äôt miss out on the action‚Äîcheck the links for all the latest updates! It‚Äôs a thrilling time in the Baltic exchanges!",financial_calendar,Nasdaq Baltic,,
CORRECTION: Eleving Group shares public offering,https://view.news.eu.nasdaq.com/view?id=b2123837b1d137ffa73127d20cd525bfc&lang=en&src=notices,Nasdaq Riga,2024-09-20 20:30:00+03:00,"Get ready, investors! The Eleving Group hits the market with a thrilling public offer starting September 23rd at 11:00 EEST! With 24.5 million shares up for grabs at just ‚Ç¨1.85 each, don‚Äôt miss your chance to make a move before the closing whistle on October 8th!",initial_public_offering,Nasdaq Baltic,,
CORRECTION: Eleving Group shares public offering,https://view.news.eu.nasdaq.com/view?id=b8c2f934f96632ab1ec60f394c0c1c436&lang=en&src=notices,Nasdaq Tallinn,2024-09-20 20:30:00+03:00,"Get ready for the action! Starting September 23, 2024, Eleving Group launches an electrifying public share offer! With up to 24.5 million shares at just ‚Ç¨1.85, retail investors can jump in. The clock‚Äôs ticking‚Äîdon‚Äôt miss your chance to grab a piece of the excitement before October 8th!",initial_public_offering,Nasdaq Baltic,,
CORRECTION: Eleving Group shares public offering,https://view.news.eu.nasdaq.com/view?id=b19f3b27b067730e85e5239e595e5da59&lang=en&src=notices,Nasdaq Vilnius,2024-09-20 20:30:00+03:00,"Get ready for a thrilling showdown! Starting September 23, Eleving Group kicks off its massive share subscription frenzy! With 24.5 million shares on the line at ‚Ç¨1.85 each, retail investors have their chance to join in. Don't miss your shot‚Äîsecure your stake by October 8! Game on!",initial_public_offering,Nasdaq Baltic,,
Eleving Group shares public offering,https://view.news.eu.nasdaq.com/view?id=b492425f9d2ddef4a4924a03b1b18cec5&lang=en&src=notices,Nasdaq Riga,2024-09-20 17:10:00+03:00,"Ladies and gentlemen, get ready for the Eleving Group public offer showdown! Starting September 23rd, investors can grab up to 24.5 million shares at just ‚Ç¨1.85 each! The clock is ticking‚Äîsubscription closes October 8th! Don‚Äôt miss your chance to stake your claim!",initial_public_offering,Nasdaq Baltic,,
Eleving Group shares public offering,https://view.news.eu.nasdaq.com/view?id=bda7f26e32d2427b7444e2c5f52e2dd89&lang=en&src=notices,Nasdaq Vilnius,2024-09-20 17:10:00+03:00,"Ladies and gentlemen, mark your calendars! The Eleving Group is launching its blockbuster public offer on September 23rd, 2024! With a maximum of 24.5 million shares up for grabs at just ‚Ç¨1.85 each, retail investors have a golden opportunity. Don't miss out‚Äîsubscriptions close October 8th!",initial_public_offering,Nasdaq Baltic,,
Eleving Group shares public offering,https://view.news.eu.nasdaq.com/view?id=b950e2130a6b2aae98f5bf73f5915a543&lang=en&src=notices,Nasdaq Tallinn,2024-09-20 17:10:00+03:00,"Get ready for the showdown! The Eleving Group's public offer launches on September 23, 2024, with up to 24.5 million shares at just EUR 1.85 each! The excitement builds until the final whistle on October 8‚Äîdon't miss your chance to join this thrilling IPO action!",initial_public_offering,Nasdaq Baltic,,
DelfinGroup announces fixing of coupon rate for the floating-rate bonds effective from 25 September 2024,https://view.news.eu.nasdaq.com/view?id=b35dd3728ce809c9a301511505cf79c59&lang=en&src=listed,DelfinGroup,2024-09-20 16:41:59+03:00,"In a thrilling financial showdown, DelfinGroup announces a dynamic new coupon rate for its bonds, effective from September 25 to December 24, 2024! A seasoned player in the fintech arena since 2009, DelfinGroup consistently scores profits and dividends, showcasing its prowess in the Baltic market! Stay tuned!",bond_fixing,Nasdaq Baltic,,
Information regarding acquisition and disposal of a major holding,https://view.news.eu.nasdaq.com/view?id=bf8ce8b33bed3eaf0a9e09b8c0f61e506&lang=en&src=listed,SAF Tehnika,2024-09-20 16:26:05+03:00,"In a thrilling corporate shake-up, SAF Tehnika announces major moves in its shareholder lineup! ""Koka zirgs"" Ltd. ups their game by acquiring significant shares, while Andrejs Gri≈°ƒÅns makes a strategic exit. Stay tuned as this wireless data giant continues to dominate the global market!",mergers_acquisitions,Nasdaq Baltic,,
UAB Legal Balance financial information for 2024 H1,https://view.news.eu.nasdaq.com/view?id=b35a58fcca7bea817aa00b4b1a0ae23ad&lang=en&src=listed,Legal Balance,2024-09-20 16:18:36+03:00,"In a thrilling first half of 2024, revenue surged to 4.471 million euros, marking a solid 10% growth! However, profit took a hit, dropping 31%. Meanwhile, the eSkolos.lt platform soared with a 41 million euro debt portfolio, up 36%. It‚Äôs a high-stakes game in the financial arena!",financial_results,Nasdaq Baltic,,
Changes in Iute Group's financial calendar for 2024,https://view.news.eu.nasdaq.com/view?id=b0fc1b847b8024811bffb324f6b0b9af1&lang=en&src=listed,IuteCredit Finance S.a r.l,2024-09-20 11:30:00+03:00,"In an exciting update, Iute Group gears up for 2024 with a revamped financial calendar! This Estonian fintech powerhouse, specializing in consumer finance across Southeast Europe, is ready to tackle the market. Stay tuned for game-changing moves on the Frankfurt and Nasdaq Baltic arenas! Get ready for action!",financial_calendar,Nasdaq Baltic,,
Prolongation of authorities of members of the Supervisory Board of KIA Auto Aktsiaselts,https://view.news.eu.nasdaq.com/view?id=ba4e3c9ea89f2446dbf568dabbbae376d&lang=en&src=listed,TKM Grupp,2024-09-20 09:45:00+03:00,"In a strategic play, TKM Auto O√ú has extended the game for KIA Auto Aktsiaselts‚Äô Supervisory Board, locking in their leadership until September 21, 2027! Aarne √ïllek leads the charge alongside J√ºri K√§o, Enn Kunila, Raul Puusepp, and Kristo Anton. The road ahead looks thrilling for KIA in the Baltics!",management_change,Nasdaq Baltic,,
Notice of address change for IPAS ‚ÄúIndexo‚Äù and INDEXO Bank,https://view.news.eu.nasdaq.com/view?id=b1a4b99f1352cea3bf703e243e9c8b61d&lang=en&src=listed,INDEXO,2024-09-20 09:15:38+03:00,"In a thrilling development, INDEXO has officially relocated its headquarters to Roberta Hir≈°a iela 1, Riga! With a powerhouse portfolio, including over 137,000 customers and ‚Ç¨1.19 billion under management, this robust financial services group is set to revolutionize banking in Latvia! Stay tuned for more!",law_legal_issues,Nasdaq Baltic,,
On Transactions Under Regulation No 596/2014,https://view.news.eu.nasdaq.com/view?id=b74a8ae6c489a7fa86faf41b6a75435b7&lang=en&src=listed,MADARA Cosmetics,2024-09-20 08:46:15+03:00,"In a thrilling move, AS MADARA Cosmetics announces a pivotal update from Sustainability Manager Anete Vabule! Trading on Nasdaq Baltic's First North Market, this Northern European powerhouse is reshaping the cosmetics game since 2006. With a commitment to natural beauty, M√ÅDARA leads the charge in Latvia! Stay tuned!",exchange_announcement,Nasdaq Baltic,,
"Data on OMX Baltic Benchmark Fund issued shares as of September 19, 2024",https://view.news.eu.nasdaq.com/view?id=b3fbd261604176b86787f051dc1858211&lang=en&src=listed,Nter Asset Management,2024-09-20 08:37:31+03:00,"""Get ready for the action! On September 19, the OMX Baltic Benchmark Fund priced in at 12.6065 EUR but with no shares issued or redeemed! Holding strong with a whopping 125,362 units in play. The trading arena is buzzing ‚Äì can they make a move? Stay tuned!""",fund_data_announcement,Nasdaq Baltic,,
"Establishment of a subsidiary, and conclusion of purchase contract for the properties of the ELP Logistics O√ú logistics center",https://view.news.eu.nasdaq.com/view?id=b1c28f1f51ff52a85630dbaec4a3b5cc3&lang=en&src=listed,EfTEN Real Estate Fund,2024-09-20 08:30:00+03:00,"In a thrilling maneuver, EfTEN H√§rgm√§e O√ú has sealed the deal for prime properties at H√§rgm√§e and Piimamehe streets in Tallinn for ‚Ç¨8.8 million! With an upfront payment of ‚Ç¨500,000, they‚Äôll fuel logistics operations for ELP Logistics. Closing expected by the end of October‚Äîwhat a power play!",mergers_acquisitions,Nasdaq Baltic,,
"AB ""Pieno ≈ævaig≈ædƒós"" Unaudited Financial Results for the First Six Months of 2024",https://view.news.eu.nasdaq.com/view?id=b5012d284a5945cbc94f2150e29f8f2b2&lang=en&src=listed,Pieno Zvaigzdes,2024-09-19 19:00:00+03:00,"In a thrilling first half of 2024, AB ""Pieno ≈ævaig≈ædƒós"" notched impressive sales of ‚Ç¨101.9 million, racing 3.9% ahead of last year! Despite a slip in EBITDA and net profit, the scoreboard still shows solid growth. Stay tuned for the next quarter showdown!",financial_results,Nasdaq Baltic,,
Draft decisions of the of Shareholders Meeting to be held on 03 October 2024,https://view.news.eu.nasdaq.com/view?id=ba2f55453df9bb9eed698f83f4896885d&lang=en&src=listed,Utenos Trikotazas,2024-09-19 17:00:00+03:00,"In a thrilling board meeting showdown, AB Utenos Trikota≈æas has proposed Grant Thornton Baltic UAB as their new auditor for the 2024-2025 seasons! Will they tackle the financial playbook effectively? With fees set at ‚Ç¨32,900 and ‚Ç¨34,300, the stakes are high! Stay tuned for the results!",annual_general_meeting,Nasdaq Baltic,,
Deal of Latvian companies to result in state-of-the-art wind power plants,https://view.news.eu.nasdaq.com/view?id=bc7c545030c880b270eaf322976b06bf7&lang=en&src=listed,Latvenergo,2024-09-19 16:14:05+03:00,"In an electrifying move, Latvenergo has snagged 100% ownership of Laflora Energy to launch an ambitious 108.8 MW wind farm at Kaigi Bog! With 16 towering Nordex turbines set to rise by 2026, this powerhouse will energize 160,000 homes and mark a historic local manufacturing milestone!",capital_investment,Nasdaq Baltic,,
On Transactions under Regulation No 596/2014,https://view.news.eu.nasdaq.com/view?id=b8b643fa38eb086235e794a9114e62cae&lang=en&src=listed,SAF Tehnika,2024-09-19 16:07:05+03:00,"In a thrilling play in the financial arena, JSC ‚ÄúSAF Tehnika‚Äù sees action as ‚ÄúKoka zirgs‚Äù Ltd and Andrejs Gri≈°ƒÅns tackle share trades! This Latvia-based wireless data transmission powerhouse, listed on Nasdaq Riga since ‚Äô04, continues to dominate globally. Stay tuned for more updates!",exchange_announcement,Nasdaq Baltic,,
Information on a significant transactions of the subsidiary companies,https://view.news.eu.nasdaq.com/view?id=b64e3bd4dab7cc79a86db925a4fc3cdcc&lang=en&src=listed,Amber Beverage Group Holding S.√† r.l.,2024-09-19 14:18:41+03:00,"In an electrifying financial play, Amber Beverage Group is switching gears! They're replacing a hefty ‚Ç¨15 million overdraft with slick new factoring services, enhancing cash flow for a winning strategy. With this bold move alongside BluOr Bank, ABG is set to boost its momentum in the beverage game!",financing_agreements,Nasdaq Baltic,,
Decisions of the Shareholder's Meeting of Latvenergo AS,https://view.news.eu.nasdaq.com/view?id=b01f48992165056cf63311ca8e6083fdf&lang=en&src=listed,Latvenergo,2024-09-19 11:42:41+03:00,"In a thrilling showdown on September 17, the Latvenergo AS Shareholder‚Äôs Meeting scored a unanimous victory! They greenlit civil liability insurance for the board, laid out a future donation plan, and championed renewable energy projects! Energy innovation is alive and well in Latvia‚Äîstay tuned for more electrifying updates!",environmental_social_governance,Nasdaq Baltic,,
Purchase of own shares of Rokiskio Suris AB,https://view.news.eu.nasdaq.com/view?id=bdae0c63c60c82c4af6a220520f026ec2&lang=en&src=notices,Nasdaq Vilnius,2024-09-19 10:03:09+03:00,"Get ready for the action! From September 23 to 27, 2024, Rokiskio Suris AB goes for a buyback showdown at EUR 2.20 per share. With a maximum of 3.2 million shares up for grabs, excitement builds before the final uncross at 15:45 EEST. Don‚Äôt miss the thrill!",shares_issue,Nasdaq Baltic,,
The new EPSO-G independent board member was elected,https://view.news.eu.nasdaq.com/view?id=b741ff89ab6aa777a8118c585fc717b20&lang=en&src=listed,EPSO-G,2024-09-19 09:45:00+03:00,"In an electrifying move, EPSO-G scores big with the appointment of Rasa Baleviƒçienƒó to its board, effective September 18, 2024! The energy powerhouse, backed by Lithuania's Ministry of Energy, is set to energize its strategy with new leadership. Stay tuned for powerful plays ahead!",management_change,Nasdaq Baltic,,
Primary placement auction of additional offers of Lithuanian Government Eurobonds,https://view.news.eu.nasdaq.com/view?id=be9334529c1e8b854950289a61a92b2e4&lang=en&src=notices,Nasdaq Vilnius,2024-09-19 09:41:52+03:00,"Get ready for a financial showdown! On September 30, 2024, Lithuania's government hits the auction block with Eurobonds! Participants can bid competitively or non-competitively, aiming to secure their share of up to ‚Ç¨5 million! Don‚Äôt miss out on this thrilling investment opportunity!",bond_fixing,Nasdaq Baltic,,
"Data on OMX Baltic Benchmark Fund issued shares as of September 18, 2024",https://view.news.eu.nasdaq.com/view?id=b04888ecb1d0d87c1b11e71162c89f4dd&lang=en&src=listed,Nter Asset Management,2024-09-19 09:37:56+03:00,"In an electrifying turn of events, the OMX Baltic Benchmark Fund is in the spotlight! As of September 18, 2024, the share price stands at a solid 12.5964 EUR, with 125,362 units ready for action‚Äîno shares issued or redeemed. Stay tuned for more thrilling updates!",fund_data_announcement,Nasdaq Baltic,,
Enlight Research sketches possible scenarios for sale of INVL Technology,https://view.news.eu.nasdaq.com/view?id=b52ca3b8da8145dbf85f06845b1b62d23&lang=en&src=listed,INVL Technology,2024-09-19 09:14:00+03:00,"In an electrifying update, Enlight Research reveals INVL Technology's shares soaring as it targets a strategic divestiture! With a net asset value of EUR 43.95 million, excitement builds for potential exits before year-end, promising swift returns for shareholders. Can they capitalize on this game-winning play? Stay tuned!",analyst_coverage,Nasdaq Baltic,,
"AS VIR≈†I-A acquires 20% of the capital shares of the biomethane plant SIA Livland Biomethane""",https://view.news.eu.nasdaq.com/view?id=b2564db5f0c0c843885a87e7f8a5b5553&lang=en&src=listed,VIR≈†I-A,2024-09-18 18:48:06+03:00,"In a power move, AS Vir≈°i-A has snagged 20% of Livland Biomethane, shaking up the ownership game! With ambitions to become the top player, Vir≈°i's JƒÅnis Vƒ´ba is making waves, while JƒÅnis Bethers steps in as board chairman, steering a biomethane revolution powered by cutting-edge technology!",mergers_acquisitions,Nasdaq Baltic,,
JSC Development Finance Institution Altum - Decisions Passed by Extraordinary Shareholders' Meeting,https://view.news.eu.nasdaq.com/view?id=ba84fb9e4b5efb2ebeca5abff94f45ebc&lang=en&src=listed,Attƒ´stƒ´bas finan≈°u instit≈´cija Altum,2024-09-18 17:01:49+03:00,"In a thrilling showdown at Dome Square 4, ALTUM‚Äôs extraordinary shareholders‚Äô meeting took center stage! Key moves included appointing a new Acting Head of Internal Audit and approving the budget for 2024-2025. With strategic partnerships and financial victories on the horizon, ALTUM is primed for a powerhouse performance!",management_change,Nasdaq Baltic,,
On the acquisition of own shares of Roki≈°kio s≈´ris AB,https://view.news.eu.nasdaq.com/view?id=b9d5f2cd8935711f050364c3982aa8bdd&lang=en&src=listed,Rokiskio Suris,2024-09-18 16:28:55+03:00,"In a bold move, Roki≈°kio s≈´ris AB's management seizes the spotlight, announcing a thrilling buyback of over 3.2 million shares at EUR 2.20 each! Following Fonterra's exit from its capital, this strategic play ensures all shareholders get their shot. Game on for Roki≈°kio‚Äôs future!",shares_issue,Nasdaq Baltic,,
Information about shares issued by INVL Technology and votes granted,https://view.news.eu.nasdaq.com/view?id=b641b667a9998c53ddfc3f67336370d46&lang=en&src=listed,INVL Technology,2024-09-18 16:02:00+03:00,"In a thrilling move, INVL Technology has just dropped 206 shares into the hands of subsidiary employees, igniting excitement and potential for the future! Stay tuned as managing partner Kazimieras Tonk≈´nas prepares to share more electrifying details! Game on!",shares_issue,Nasdaq Baltic,,
Procedure for listing of BluOr Bank AS bonds initiated,https://view.news.eu.nasdaq.com/view?id=b41fc1781b096121b65d7246fd261ac64&lang=en&src=notices,Nasdaq Riga,2024-09-18 15:54:55+03:00,"In a thrilling development, Nasdaq Riga gears up for a potential game-changer as BluOr Bank AS slams down a bold bond listing application! The excitement is palpable as the Management Board prepares to announce its resolution. Stay tuned for the latest play-by-play in Baltic finance!",bond_fixing,Nasdaq Baltic,,
Changes in the Supervisory Board of Mainor √úlemiste AS,https://view.news.eu.nasdaq.com/view?id=b7740c94bb33dcc82eeab9a3eb6696804&lang=en&src=listed,Mainor √úlemiste,2024-09-18 15:13:01+03:00,"In a thrilling reshuffle, Mainor √úlemiste AS unveils a revamped Supervisory Board! With Guido P√§rnits at the helm, the team is set to elevate √úlemiste City, the Baltic's largest business hub, housing 500 companies and 17,000 residents. Get ready for explosive growth in this dynamic district!",management_change,Nasdaq Baltic,,
"Construction contract (Apartment building in Ovruch, Ukraine)",https://view.news.eu.nasdaq.com/view?id=be25d16c172785252f6271310081ead2f&lang=en&src=listed,Nordecon,2024-09-18 14:00:00+03:00,"In a thrilling development, Nordecon AS, alongside Eurocon Ukraine TOV, has clinched a ‚Ç¨1.8 million contract to transform a building into an apartment complex for displaced persons in Ovruch, Ukraine! With a 275-day timeline, this highlights Nordecon's commitment to impactful construction. Let the action begin!",capital_investment,Nasdaq Baltic,,
Listing of Baltic Horizon Fund additional fund units on Baltic Fund List,https://view.news.eu.nasdaq.com/view?id=be5ea6da7c8628bec5c910b8d4b392172&lang=en&src=notices,Nasdaq Tallinn,2024-09-18 13:12:49+03:00,"In a thrilling development for investors, Nasdaq Tallinn has just greenlit the listing of 23,927,085 additional units from the Baltic Horizon Fund! Mark your calendars for September 20, 2024, as a total of 143,562,514 units will hit the trading floor under the code NHCBHFFT! Excitement in the air!",shares_issue,Nasdaq Baltic,,
‚ÄúSostinƒós bok≈°tai‚Äú announces the signing of the first lease agreements for the Hero business center,https://view.news.eu.nasdaq.com/view?id=b82671d8ceba4259d9a4d9927d771927a&lang=en&src=listed,Sostinƒós bok≈°tai,2024-09-18 11:57:01+03:00,"Excitement is building in Vilnius as ""Sostini≈≥ bok≈°tai"" announces the first leases at the Hero business center! With NooN restaurant and Eureka school signing on, the ambitious project is taking shape ahead of its 2025 opening. A stunning ‚Ç¨112 million investment promises a towering future for this CBD gem!",capital_investment,Nasdaq Baltic,,
Novaturas presents next summer destinations and the widest range of travels in the region,https://view.news.eu.nasdaq.com/view?id=b8200bee349cfceeee8b503a9416d81f3&lang=en&src=listed,Novaturas,2024-09-18 10:00:00+03:00,"Ladies and gentlemen, brace yourselves! Novaturas Group, the heavyweights of Baltic travel, just dropped their thrilling 2025 summer holiday programme! With 26 seasons under their belt, they're set to thrill adventurers with an array of spectacular destinations and enticing perks. Get ready to unlock your next unforgettable getaway!",calendar_of_events,Nasdaq Baltic,,
"DelfinGroup bond issue is 1.5 times oversubscribed, demand reaches 22.3 million euros",https://view.news.eu.nasdaq.com/view?id=b4e5c4392333c63facdae718587a16e28&lang=en&src=listed,DelfinGroup,2024-09-18 09:37:05+03:00,"In a thrilling financial showdown, DelfinGroup crushes its bond offering goal, raising ‚Ç¨15 million at 10% interest with a staggering ‚Ç¨22.3 million in demand from over 2,700 investors! Chairman Didzis ƒÄdmƒ´di≈Ü≈° celebrates a booming sign of confidence, calling it a home-run for their solid business strategy!",bond_fixing,Nasdaq Baltic,,
INVL BSGF Co-Invest Fund II established,https://view.news.eu.nasdaq.com/view?id=b03e131c60ca57b2ebd27a1d4c8cb2679&lang=en&src=listed,Invalda INVL,2024-09-18 09:15:00+03:00,"Ladies and gentlemen, the INVL Asset Management team is back in action, launching the INVL BSGF Co-Invest Fund II! With the Baltic Sea Growth Fund scoring big with its 10th portfolio investment, investors are lined up‚Äîminimum entry: ‚Ç¨125,000! Don‚Äôt miss this chance to join the winning team!",fund_data_announcement,Nasdaq Baltic,,
KN Energies subsidiary starts operations in Germany,https://view.news.eu.nasdaq.com/view?id=b6db905acfe8f97c623ff04c4873edf80&lang=en&src=listed,KN Energies,2024-09-18 09:00:00+03:00,"In an exciting play, AB KN Energies has scored big with the launch of KN Energies Deutschland GmbH! This new subsidiary aims to power up the Wilhelmshaven 2 floating LNG import terminal, curating a dream team of specialists as they embark on an active recruitment blitz. Game on in Germany!",geographic_expansion,Nasdaq Baltic,,
"Data on OMX Baltic Benchmark Fund issued shares as of September 17, 2024",https://view.news.eu.nasdaq.com/view?id=b36c27a1f4a9e022f35ef5913729d20ee&lang=en&src=listed,Nter Asset Management,2024-09-18 08:11:34+03:00,"In a thrilling update from Vilnius, the OMX Baltic Benchmark Fund hits the scoreboard with a share price of 12.6048 EUR! As of September 17, no shares were issued or redeemed, keeping the excitement focused on the impressive 125,362 shares trading! Stay tuned for more action!",fund_data_announcement,Nasdaq Baltic,,
On Transactions under Regulation No 596/2014,https://view.news.eu.nasdaq.com/view?id=b3df985df6e0d4d776eba42e51e8991ff&lang=en&src=listed,SAF Tehnika,2024-09-17 17:14:20+03:00,"In a thrilling move, JSC ‚ÄúSAF Tehnika‚Äù has struck a deal with ‚ÄúKoka zirgs‚Äù Ltd, elevating its game on Nasdaq Riga! This ISO-certified star in wireless data transmission continues to shine, expanding its reach across 130 countries. Get ready for more action from Latvia‚Äôs tech powerhouse!",mergers_acquisitions,Nasdaq Baltic,,
Decision of the Board of AB East West Agro to repurchase its own shares,https://view.news.eu.nasdaq.com/view?id=b3aaaf07f614806abc0bc45e9ba3f0312&lang=en&src=listed,East West Agro,2024-09-17 10:36:42+03:00,"In an electrifying move, East West Agro AB gears up for a thrilling share repurchase from September 23-27! With a bold plan to buy back 2,000 shares at ‚Ç¨16 each, they're set to make a ‚Ç¨32,000 play on the Nasdaq Vilnius Stock Exchange! Excitement is in the air!",shares_issue,Nasdaq Baltic,,
Estonian Government Bonds Are Now Listed on Nasdaq Baltic Market,https://view.news.eu.nasdaq.com/view?id=b886984856b8a601b49cfc2e9a4b33f1b&lang=en&src=notices,Nasdaq Tallinn,2024-09-17 10:00:00+03:00,"In a thrilling debut on the Nasdaq Baltic Bond List, Estonia scores big with a public bond offer, reeling in an overwhelming EUR 821 million in demand‚Äîover four times the target! With 2 million bonds up for grabs, retail investors are ready to trade at a solid 3% interest. What a game changer!",bond_fixing,Nasdaq Baltic,,
Estonian Government Bonds Are Now Listed on Nasdaq Baltic Market,https://view.news.eu.nasdaq.com/view?id=b0bced9151d2a74d842e96c3cac875567&lang=en&src=notices,Nasdaq Riga,2024-09-17 10:00:00+03:00,"Ladies and gentlemen, mark your calendars! On September 17, 2024, the Republic of Estonia made a historic play, listing its bonds on Nasdaq Baltic! With a staggering demand of EUR 821 million against a EUR 200 million offering, this game was oversubscribed by more than four times! Exciting times ahead!",bond_fixing,Nasdaq Baltic,,
Estonian Government Bonds Are Now Listed on Nasdaq Baltic Market,https://view.news.eu.nasdaq.com/view?id=b6ea34c9ac1a17e5d449f38c916f37743&lang=en&src=notices,Nasdaq Vilnius,2024-09-17 10:00:00+03:00,"In an exhilarating financial showdown, the Republic of Estonia made waves in the Nasdaq Baltic Market! With a stunning bond offering generating a jaw-dropping EUR 821 million in demand, oversubscribed by over four times, retail investors joined the action, securing a solid 3% return. It's a win for Estonian investors!",bond_fixing,Nasdaq Baltic,,
On Transactions Under Regulation No 596/2014,https://view.news.eu.nasdaq.com/view?id=be7cbbd802ad4f5193b5a90d4f1a88ba7&lang=en&src=listed,MADARA Cosmetics,2024-09-17 09:59:07+03:00,"üéâ Game on! AS MADARA Cosmetics is in the spotlight as Sustainability Manager Anete Vabule announces exciting securities transactions! With shares trading on Nasdaq Baltic‚Äôs First North Market since 2017, this cosmetics powerhouse is redefining natural skincare in Northern Europe. Stay tuned for more action from MADARA! üß¥üåç",exchange_announcement,Nasdaq Baltic,,
"Data on OMX Baltic Benchmark Fund issued shares as of September 16, 2024",https://view.news.eu.nasdaq.com/view?id=b9757e675c410f1929d14b59f8cd4549d&lang=en&src=listed,Nter Asset Management,2024-09-17 09:25:37+03:00,"In a thrilling update from Vilnius, the OMX Baltic Benchmark Fund is holding strong at 12.6154 EUR with a steady lineup of 125,362 shares. No movement in redemptions or new issues‚Äîit‚Äôs a game of patience! Stay tuned for more action! üèÖüìà",fund_data_announcement,Nasdaq Baltic,,
Purchase of own shares of AB ‚ÄùEast West Agro‚Äù,https://view.news.eu.nasdaq.com/view?id=b9063319535f3d6cdbc2b38dd471dda64&lang=en&src=notices,Nasdaq Vilnius,2024-09-17 09:25:35+03:00,"Get ready for the action! From September 23 to 27, 2024, AB ""East West Agro"" launches an electrifying shares buyback, priced at ‚Ç¨16.00! With orders open until 15:30 EEST and a cap of 2,000 shares, don‚Äôt miss your shot in this thrilling market showdown!",shares_issue,Nasdaq Baltic,,
J. Molner AS Consolidated interim report for the first 6 months of 2024 (unaudited),https://view.news.eu.nasdaq.com/view?id=b44e2e0b7fcdad0977558903f52754559&lang=en&src=listed,J.Molner,2024-09-17 09:00:00+03:00,"In a thrilling first half of 2024, J. Molner AS skyrockets with a jaw-dropping 382% revenue surge to ‚Ç¨1.3 million! Fueled by success in the hydrocortisone market and robust growth in services, this Group's unstoppable momentum rolls on, clinching their first US drug approval! What a comeback!",financial_results,Nasdaq Baltic,,
AS VIR≈†I-A: A better price - the main criterion for choosing electricity services,https://view.news.eu.nasdaq.com/view?id=bc7d940204f55fb87b51951b4abd97da5&lang=en&src=listed,VIR≈†I-A,2024-09-17 08:54:42+03:00,"In an electrifying year, AS Vir≈°i-A transformed the household energy game, now ranking fourth in suppliers! Latvians are focused on price, but the loyalty of customers shines through, proving that Vir≈°i is not just a trader but a trusted partner in power.  Watch out for this rising star!",geographic_expansion,Nasdaq Baltic,,
LHV Group results for August 2024,https://view.news.eu.nasdaq.com/view?id=b25edbdb2b70238c9883d9c9f777ee3c0&lang=en&src=listed,LHV Group,2024-09-17 08:00:00+03:00,"In August, LHV Group surged with a stellar loan portfolio spike of ‚Ç¨87 million! Deposits soared by ‚Ç¨254 million, propelling net profits to a thrilling ‚Ç¨12.2 million! With client growth, robust home loans, and energetic performance, LHV is on fire‚Äîshowcasing dynamic banking like never before!",financial_results,Nasdaq Baltic,,
Subsidiary of EfTEN Real Estate Fund AS finalized the sale of a property in the T√§hesaju commercial area,https://view.news.eu.nasdaq.com/view?id=b3ad40e3b4f48cbe1680b5f524bae9a14&lang=en&src=listed,EfTEN Real Estate Fund,2024-09-17 08:00:00+03:00,"In an exciting real estate showdown, EfTEN T√§hesaju O√ú has sealed the deal, selling the T√§hesaju 5 property to AS Kinnisvara Info for ‚Ç¨4.675 million! Despite a slight dip from book value, the fund nets ‚Ç¨2 million for future investments after generating ‚Ç¨300,000 in cash flow since 2018. Game on!",mergers_acquisitions,Nasdaq Baltic,,
Baltic Horizon Fund publishes its NAV for August 2024,https://view.news.eu.nasdaq.com/view?id=bd65da579bfd1a626d278c322cc0d4821&lang=en&src=listed,Baltic Horizon Fund / Northern Horizon Capital,2024-09-16 19:10:00+03:00,"In an exhilarating August, the Baltic Horizon Fund's NAV dipped slightly to EUR 0.8011, but the excitement building with new leases keeps the momentum flowing! A thrilling interactive entertainment center is set to launch with EXPO Group! Cash remains strong at EUR 3.9 million. Stay tuned for more action!",fund_data_announcement,Nasdaq Baltic,,
Listing of additional IPAS ‚ÄúINDEXO‚Äù shares on Baltic Main list,https://view.news.eu.nasdaq.com/view?id=b2eacbf5623f7fdf756ac47423626432a&lang=en&src=notices,Nasdaq Riga,2024-09-16 16:35:33+03:00,"In a thrilling move, Nasdaq Riga has officially added more shares of IPAS ‚ÄúINDEXO‚Äù to the Baltic Main list, starting September 17, 2024! The excitement is palpable as this dynamic addition boosts the market! Stay tuned for more thrilling developments from Nasdaq Baltic!",shares_issue,Nasdaq Baltic,,
Estonian Financial Intelligence Unit's fine to LHV Pank cancelled by court order,https://view.news.eu.nasdaq.com/view?id=b09377698d71aa758abf3d271d76d7001&lang=en&src=listed,LHV Group,2024-09-16 16:30:00+03:00,"In a stunning turn of events, the Harju County Court has thrown out the EUR 300,000 fine against AS LHV Pank, declaring victory due to lack of evidence! The Financial Intelligence Unit now faces a tough 15-day challenge to appeal. LHV Group stands tall as Estonia's financial titan, serving over 437,000 clients!",law_legal_issues,Nasdaq Baltic,,
Resolutions of the Extraordinary Meeting of Shareholders of AS DelfinGroup dated 16 September 2024,https://view.news.eu.nasdaq.com/view?id=b3e3a4e37aee86fa2f517b573d12eac37&lang=en&src=listed,DelfinGroup,2024-09-16 16:01:33+03:00,"In a thrilling corporate showdown, AS DelfinGroup flexes its financial muscle! They've just approved their interim report for January-June 2024 and are dishing out extraordinary dividends totaling a whopping EUR 916,625.60! Mark your calendars for September 27th, the countdown to cash begins!",ex_dividend_date,Nasdaq Baltic,,
Comments from the management of ELMO Rent AS on the Restructuring Advisor's report,https://view.news.eu.nasdaq.com/view?id=b61350543f9bfa80e4ecb1508e2dc25d3&lang=en&src=listed,Elmo Rent,2024-09-16 13:26:15+03:00,"In a dramatic turn of events, ELMO Rent AS wraps up its car rental saga as vehicles hit the auction block below expectations! The restructuring report reveals challenges ahead, with management scrambling to revitalize the fleet for the upcoming season amidst a sluggish electric vehicle market. Can they bounce back? Stay tuned!",restructuring,Nasdaq Baltic,,
The results of the primary placement auction of Lithuanian Government Eurobonds,https://view.news.eu.nasdaq.com/view?id=b63ef4eb8f0c9dbb53a12bbc356167bca&lang=en&src=notices,Nasdaq Vilnius,2024-09-16 12:15:25+03:00,"In a thrilling showdown at Nasdaq Vilnius on September 16, the Lithuanian Government premiered its Eurobonds! Traders were on the edge of their seats as the auction unfolded, showcasing Baltic's robust financial arena. Stay tuned for the results as these bonds hit the market!",bond_fixing,Nasdaq Baltic,,
Baltic Horizon Fund closes private placement of new units,https://view.news.eu.nasdaq.com/view?id=bfdeca259511c9e45c79ab9c82e8a856b&lang=en&src=listed,Baltic Horizon Fund / Northern Horizon Capital,2024-09-16 10:30:00+03:00,"Northern Horizon Capital AS scores big, raising EUR 6.29 million in a hot private placement! With investor excitement peaking and orders surpassing supply, 23.9 million new units will bolster Baltic Horizon Fund‚Äôs real estate investments. The crowd's roaring‚Äîit's a game-changer for the fund's future!",share_capital_increase,Nasdaq Baltic,,
Nasdaq Welcomes Modera to Baltic First North Bond Market,https://view.news.eu.nasdaq.com/view?id=b1138a581ed7a89086c52c9df21a210ab&lang=en&src=notices,Nasdaq Vilnius,2024-09-16 10:00:00+03:00,"Ladies and gentlemen, in an electrifying move, Modera's unsecured bonds have made their debut on the Nasdaq Baltic First North market! With a sizzling ‚Ç¨1.5 million issue and an impressive 11% coupon rate, the demand has skyrocketed‚Äîoversubscribed 1.8 times! The excitement is palpable‚ÄîModera is on the rise!",bond_fixing,Nasdaq Baltic,,
Nasdaq Welcomes Modera to Baltic First North Bond Market,https://view.news.eu.nasdaq.com/view?id=bbe9db8c7632f052fb08b3335e0dd5d8a&lang=en&src=notices,Nasdaq Riga,2024-09-16 10:00:00+03:00,"In a thrilling debut, Modera's bonds hit the Nasdaq Baltic First North market, securing a hefty 1.5 million euros with an enticing 11% coupon! Oversubscribed by eager investors, this powerhouse continues its winning streak since 2021. Get ready for a race to maturity on September 13, 2027!",bond_fixing,Nasdaq Baltic,,
Nasdaq Welcomes Modera to Baltic First North Bond Market,https://view.news.eu.nasdaq.com/view?id=b2a2aa36dfe18c6687aa3113144f431ec&lang=en&src=notices,Nasdaq Tallinn,2024-09-16 10:00:00+03:00,"In a thrilling development on the Nasdaq Baltic front, Modera's unsecured bonds hit the market today! With a hefty ‚Ç¨1.5 million issue, boasting an 11% coupon rate, these bonds are hot property‚Äîoversubscribed by 1.8 times! A triumphant moment for investors and a solid play for growth!",bond_fixing,Nasdaq Baltic,,
"Data on OMX Baltic Benchmark Fund issued shares as of September 13, 2024",https://view.news.eu.nasdaq.com/view?id=b583b74e0b2de3b150570173f6e9c0350&lang=en&src=listed,Nter Asset Management,2024-09-16 09:52:01+03:00,"Ladies and gentlemen, we‚Äôve got a thrilling update from Vilnius! The OMX Baltic Benchmark Fund is in play with a share price hitting 12.6099 EUR and a total of 125,362 units in the game! No shares issued or redeemed this round, but stay tuned for the next play!",fund_data_announcement,Nasdaq Baltic,,
The Shareholders' Meeting of Latvenergo AS will be held,https://view.news.eu.nasdaq.com/view?id=b67909f2a2a69f0f3825f1bdf07a33bfa&lang=en&src=listed,Latvenergo,2024-09-16 09:51:27+03:00,"In a thrilling twist, Latvenergo AS‚Äôs Extraordinary Shareholders' Meeting has been rescheduled! Fans will now tune in on September 17 at 17:00 for what promises to be an electrifying showdown in the Baltic energy arena. Stay tuned, because this powerhouse is just getting started!",exchange_announcement,Nasdaq Baltic,,
AB East West Agro purchased it's own shares,https://view.news.eu.nasdaq.com/view?id=b977dba1868f80e15c35ba7703a9bb084&lang=en&src=listed,East West Agro,2024-09-16 09:33:23+03:00,"In an electrifying week from September 9-13, AB East West Agro wowed investors at the Nasdaq Vilnius auction! With the stakes high, Chairman Danas ≈†idlauskas led the charge. What a thrilling display of shareholder fervor! Stay tuned for the next chapter in this exciting saga!",shares_issue,Nasdaq Baltic,,
Aktsiaselts Infortar signed a share purchase agreement to acquire a 100% shareholding at Tallinna Raamatutr√ºkikoja Osa√ºhing,https://view.news.eu.nasdaq.com/view?id=bcb5b6c48fb84c1fef980100a67f386a9&lang=en&src=listed,Infortar,2024-09-16 09:30:00+03:00,"In a thrilling acquisition showdown, Aktsiaselts Infortar and ViroInvestment O√ú have signed a deal to snag 100% of Tallinna Raamatutr√ºkikoja Osa√ºhing! With regulatory approval on the line, this powerhouse move could boost efficiency in the printing industry and bolster market positions both locally and globally!",mergers_acquisitions,Nasdaq Baltic,,
REMINDER: AS DelfinGroup bonds public offering,https://view.news.eu.nasdaq.com/view?id=bc7f58366f875ec3efb23e224f8327ada&lang=en&src=notices,Nasdaq Tallinn,2024-09-16 09:15:00+03:00,"Get ready for the thrill! From September 2nd to 16th, AS DelfinGroup launches a high-stakes bond offer! Up to 150,000 bonds available at just EUR 100 each, boasting a 10% annual interest rate! Don't miss your chance‚Äîthis could be your winning investment!",bond_fixing,Nasdaq Baltic,,
REMINDER: AS DelfinGroup bonds public offering,https://view.news.eu.nasdaq.com/view?id=b446d41b912d3e7e7fa81029668ba7278&lang=en&src=notices,Nasdaq Vilnius,2024-09-16 09:15:00+03:00,"Get ready for the financial showdown! Starting September 2, 2024, AS DelfinGroup launches a thrilling public bond offering in the Baltics! With a 10% interest rate and a minimum entry of just ‚Ç¨100, don‚Äôt miss your chance to grab one of 150,000 bonds before the deadline on September 16!",bond_fixing,Nasdaq Baltic,,
REMINDER: AS DelfinGroup bonds public offering,https://view.news.eu.nasdaq.com/view?id=b411ff39e6273a2c15e3205cb548f6f5e&lang=en&src=notices,Nasdaq Riga,2024-09-16 09:15:00+03:00,"Ladies and gentlemen, mark your calendars! From September 2nd to 16th, 2024, AS DelfinGroup launches a thrilling public offer for 150,000 bonds at ‚Ç¨100 each! With a hot 10% interest rate, this is your chance to invest in the Baltic buzz! Don't miss out‚Äîget in the game!",bond_fixing,Nasdaq Baltic,,
Nasdaq Baltic investor calendar - week 38/2024,https://view.news.eu.nasdaq.com/view?id=bf963473d18cc3a655636caadb6014b1b&lang=en&src=notices,Nasdaq Tallinn,2024-09-16 09:00:00+03:00,"üéâ In an electrifying showdown in Tallinn, Estonia, Nasdaq Baltic announces major market moves! Investors, gear up for the action! For the full investor calendar and contact details, check the links. It's game time for the Baltic exchanges! üìàüí• #MarketMadness #InvestSmart",financial_calendar,Nasdaq Baltic,,
Nasdaq Baltic investor calendar - week 38/2024,https://view.news.eu.nasdaq.com/view?id=bb135cbf5684b34991e7db1890261c689&lang=en&src=notices,Nasdaq Riga,2024-09-16 09:00:00+03:00,"""Get ready for some thrilling action in Riga, Latvia! Nasdaq Baltic is taking center stage as it showcases its investor calendar! Exciting opportunities await in the heart of the Baltic markets. Don‚Äôt miss out‚Äîjoin the financial game now!""",financial_calendar,Nasdaq Baltic,,
Nasdaq Baltic investor calendar - week 38/2024,https://view.news.eu.nasdaq.com/view?id=b4c7b72b1ce8bba836d1836a0c63d5890&lang=en&src=notices,Nasdaq Vilnius,2024-09-16 09:00:00+03:00,"Ladies and gentlemen, it‚Äôs game time in Vilnius! Mark your calendars for September 16th as Nasdaq Baltic gears up for an exhilarating lineup of investor events! The Baltic exchanges are ready to bring it‚Äîstay tuned for all the action at Nasdaq Tallinn, Riga, and Vilnius! ",financial_calendar,Nasdaq Baltic,,
Bigbank AS results for August 2024,https://view.news.eu.nasdaq.com/view?id=b5f3e71dfd488e2757de5faa90c239af6&lang=en&src=listed,Bigbank AS,2024-09-13 23:15:00+03:00,"What a game-changer for Bigbank in August! They scored big with a loan portfolio hitting 2 billion euros and home loans exceeding 500 million! Despite a slight dip in business loans, the plummeting Euribor gives clients a break while reshaping the banking landscape. Exciting times ahead! üè¶üí•",financial_results,Nasdaq Baltic,,
PRANE≈†IMAS DƒñL BENDROVƒñS 2024 m. I PUSMEƒåIO TARPINƒñS FINANSINƒñS ATSKAITOMYBƒñS,https://view.news.eu.nasdaq.com/view?id=b9e8bc1d9fd1bd425bdac0340edf520da&lang=lt&src=listed,Integre Trans,2024-09-13 19:14:30+03:00,"In a thrilling update, UAB ""Integre trans"" is gearing up to announce its 2024 H1 interim financials! But the suspense continues as the consolidated reports await the final audit of 2023. Investors, stay tuned for the action-packed results that promise to deliver crucial insights!",financial_results,Nasdaq Baltic,,
AB Kauno energija has signed a loan agreement with the European Investment Bank,https://view.news.eu.nasdaq.com/view?id=bed160b94268f03ac470cd5b396384c36&lang=en&src=listed,Kauno Energija,2024-09-13 17:00:00+03:00,"In a game-changing move, AB Kauno energija secures a stunning 35 million EUR loan from the European Investment Bank! From 2024 to 2026, they‚Äôll supercharge energy efficiency with modernized pipelines, new heating lines, and innovative green tech, all while cutting fossil fuel use. Let the sustainability showdown begin!",financing_agreements,Nasdaq Baltic,,
Decisions adopted at the Extraordinary General Meeting of Shareholders of LITGRID AB,https://view.news.eu.nasdaq.com/view?id=b3d3d87d5a7fed44653a68122d9cdd376&lang=en&src=listed,LITGRID,2024-09-13 16:00:00+03:00,"In an electrifying showdown, LITGRID AB's Extraordinary General Meeting rolls into action! On September 13, 2024, they seal the deal on a crucial investment for the Harmony Link Interconnector. This bold move paves the way for a groundbreaking overland link, energizing Lithuania's future! Let the connectivity commence!",capital_investment,Nasdaq Baltic,,
Changes in the debt obligations of AS Tallinna Sadam,https://view.news.eu.nasdaq.com/view?id=b3d014562c9a9b2a4fce2a3d320b4f917&lang=en&src=listed,Tallinna Sadam,2024-09-13 16:00:00+03:00,"In a high-stakes financial play, AS Tallinna Sadam secures a ‚Ç¨10 million unsecured loan from Swedbank, set to boost operations over the next four years! This strategic move is aimed at refinancing debt and powering investments, solidifying its status as a titan in the Baltic maritime game!",financing_agreements,Nasdaq Baltic,,
"Eco Baltia Group's company, Eco Baltia vide, will provide maintenance of transport structures in Riga for five years",https://view.news.eu.nasdaq.com/view?id=bd7543e43b891d60dcc4ed8f77368257b&lang=en&src=listed,Eco Baltia,2024-09-13 15:45:34+03:00,"In an electrifying move, Eco Baltia vide Ltd clinches a five-year contract to maintain Riga's transport structures! With a hefty annual price tag of over ‚Ç¨15.4 million, this powerhouse showcases their decades of expertise, promising top-notch roadway management from 2024 to 2029. It's game on for sustainable transport!",business_contracts,Nasdaq Baltic,,
Announcement on changes in management of a subsidiary company,https://view.news.eu.nasdaq.com/view?id=b96f58cc7d7723afc71d276106cc15350&lang=en&src=listed,Amber Beverage Group Holding S.√† r.l.,2024-09-13 15:34:11+03:00,"In a thrilling leadership shake-up, Andrejs Visnausks takes the helm as Chairman of AS ‚ÄúAmber Latvijas balzams,‚Äù while former chairman Guntars Betlers stays in the game as a board member! Get ready for an exciting era of growth and innovation with this powerhouse duo!",management_change,Nasdaq Baltic,,
Moody's affirms Latvenergo AS rating,https://view.news.eu.nasdaq.com/view?id=b18b7fe811d46a4744fadd581bd92447b&lang=en&src=listed,Latvenergo,2024-09-13 15:10:25+03:00,"In a thrilling financial showdown, Latvenergo AS holds steady with a Baa2 investment-grade credit rating! Moody's will deliver their verdict next week, but this powerhouse has been a stable player since 2015, proving its worth in energy markets. Will the momentum continue? Stay tuned!",analyst_coverage,Nasdaq Baltic,,
Notification of Changes to the Management Board of AS ‚ÄúAmber Latvijas balzams‚Äù,https://view.news.eu.nasdaq.com/view?id=b0efe1e976f40c05ad5f75f9db2e7e4c5&lang=en&src=listed,Amber Latvijas balzams,2024-09-13 14:05:54+03:00,"In a thrilling leadership shakeup, ""Amber Latvijas balzams"" taps Andrejs Visnausks as their new Chairman! With a stellar track record in corporate management and degrees from top institutions, he's primed to drive growth and efficiency. Guntars Betlers stays on as a Board Member, while Valizhan Abidov exits the arena. Game on!",management_change,Nasdaq Baltic,,
"NOTIFICATION OF NEO FINANCE, AB REGARDING TRANSACTIONS CONDUCTED BY PERSONS CLOSELY ASSOCIATED WITH PERSONS DISCHARGING MANAGERIAL RESPONSIBILITIES WITHIN AN ISSUER",https://view.news.eu.nasdaq.com/view?id=ba54cbd5706cb3c5f92fc525109635579&lang=en&src=listed,NEO Finance,2024-09-13 13:00:00+03:00,"In a thrilling move, NEO FINANCE, AB is in the spotlight as UAB ""ERA Capital,"" linked to key figures Evaldas and Aiva Remeikienƒó, draws attention with significant transactions! The drama unfolds‚Äîstay tuned for what unfolds next in this high-stakes financial showdown!",regulatory_filings,Nasdaq Baltic,,
"Data on OMX Baltic Benchmark Fund issued shares as of September 12, 2024",https://view.news.eu.nasdaq.com/view?id=be3ef0fc401ea86cd662d7d5993a37a6e&lang=en&src=listed,Nter Asset Management,2024-09-13 11:01:16+03:00,"Ladies and gentlemen, breaking news from Vilnius! As of September 12, 2024, the OMX Baltic Benchmark Fund is holding steady at 12.6326 EUR with zero shares issued or redeemed! A total of 125,362 units are still in play, ready for action! Stay tuned for more on this thrilling market game!",fund_data_announcement,Nasdaq Baltic,,
